time,total_flow
2025-06-03 00:00:00,118.43
2025-06-03 00:10:00,114.92
2025-06-03 00:20:00,124.2275
2025-06-03 00:30:00,124.4815
2025-06-03 00:40:00,121.6035
2025-06-03 00:50:00,124.1265
2025-06-03 01:00:00,103.154
2025-06-03 01:10:00,102.40899999999999
2025-06-03 01:20:00,109.98949999999999
2025-06-03 01:30:00,123.10050000000001
2025-06-03 01:40:00,122.679
2025-06-03 01:50:00,121.5455
2025-06-03 02:00:00,119.119
2025-06-03 02:10:00,114.994
2025-06-03 02:20:00,119.93
2025-06-03 02:30:00,119.718
2025-06-03 02:40:00,120.1335
2025-06-03 02:50:00,120.3545
2025-06-03 03:00:00,122.02449999999999
2025-06-03 03:10:00,113.876
2025-06-03 03:20:00,107.6315
2025-06-03 03:30:00,107.509
2025-06-03 03:40:00,104.713
2025-06-03 03:50:00,101.7975
2025-06-03 04:00:00,103.2315
2025-06-03 04:10:00,113.7025
2025-06-03 04:20:00,114.99249999999999
2025-06-03 04:30:00,104.54350000000001
2025-06-03 04:40:00,102.27250000000001
2025-06-03 04:50:00,106.56649999999999
2025-06-03 05:00:00,101.38499999999999
2025-06-03 05:10:00,94.161
2025-06-03 05:20:00,100.249
2025-06-03 05:30:00,92.718
2025-06-03 05:40:00,85.423
2025-06-03 05:50:00,83.568
2025-06-03 06:00:00,81.701
2025-06-03 06:10:00,84.10849999999999
2025-06-03 06:20:00,87.0605
2025-06-03 06:30:00,96.818
2025-06-03 06:40:00,126.8205
2025-06-03 06:50:00,127.07750000000001
2025-06-03 07:00:00,132.3045
2025-06-03 07:10:00,134.113
2025-06-03 07:20:00,138.1825
2025-06-03 07:30:00,134.67000000000002
2025-06-03 07:40:00,134.5725
2025-06-03 07:50:00,137.93099999999998
2025-06-03 08:00:00,144.904
2025-06-03 08:10:00,140.074
2025-06-03 08:20:00,139.5725
2025-06-03 08:30:00,139.0335
2025-06-03 08:40:00,142.15300000000002
2025-06-03 08:50:00,135.325
2025-06-03 09:00:00,139.7915
2025-06-03 09:10:00,141.639
2025-06-03 09:20:00,136.4415
2025-06-03 09:30:00,140.0925
2025-06-03 09:40:00,141.75
2025-06-03 09:50:00,142.8955
2025-06-03 10:00:00,142.4055
2025-06-03 10:10:00,142.6005
2025-06-03 10:20:00,144.7345
2025-06-03 10:30:00,141.413
2025-06-03 10:40:00,125.73
2025-06-03 10:50:00,119.7355
2025-06-03 11:00:00,124.648
2025-06-03 11:10:00,141.939
2025-06-03 11:20:00,140.534
2025-06-03 11:30:00,139.949
2025-06-03 11:40:00,131.561
2025-06-03 11:50:00,140.8515
2025-06-03 12:00:00,140.442
2025-06-03 12:10:00,138.164
2025-06-03 12:20:00,139.55
2025-06-03 12:30:00,143.3985
2025-06-03 12:40:00,138.2745
2025-06-03 12:50:00,137.632
2025-06-03 13:00:00,139.446
2025-06-03 13:10:00,140.6655
2025-06-03 13:20:00,140.427
2025-06-03 13:30:00,136.0205
2025-06-03 13:40:00,127.9615
2025-06-03 13:50:00,119.95850000000002
2025-06-03 14:00:00,104.21900000000001
2025-06-03 14:10:00,99.895
2025-06-03 14:20:00,126.47
2025-06-03 14:30:00,138.9695
2025-06-03 14:40:00,141.537
2025-06-03 14:50:00,139.8335
2025-06-03 15:00:00,135.86849999999998
2025-06-03 15:10:00,133.707
2025-06-03 15:20:00,145.635
2025-06-03 15:30:00,141.7955
2025-06-03 15:40:00,143.585
2025-06-03 15:50:00,147.966
2025-06-03 16:00:00,146.5435
2025-06-03 16:10:00,145.048
2025-06-03 16:20:00,144.691
2025-06-03 16:30:00,144.373
2025-06-03 16:40:00,143.5075
2025-06-03 16:50:00,144.447
2025-06-03 17:00:00,148.72050000000002
2025-06-03 17:10:00,138.5875
2025-06-03 17:20:00,136.343
2025-06-03 17:30:00,133.03
2025-06-03 17:40:00,131.2315
2025-06-03 17:50:00,133.6905
2025-06-03 18:00:00,135.789
2025-06-03 18:10:00,139.692
2025-06-03 18:20:00,143.5635
2025-06-03 18:30:00,139.60399999999998
2025-06-03 18:40:00,146.98399999999998
2025-06-03 18:50:00,139.176
2025-06-03 19:00:00,145.994
2025-06-03 19:10:00,142.674
2025-06-03 19:20:00,133.8785
2025-06-03 19:30:00,146.8995
2025-06-03 19:40:00,144.334
2025-06-03 19:50:00,141.69650000000001
2025-06-03 20:00:00,133.0375
2025-06-03 20:10:00,127.90549999999999
2025-06-03 20:20:00,128.6705
2025-06-03 20:30:00,134.2865
2025-06-03 20:40:00,136.9535
2025-06-03 20:50:00,134.1195
2025-06-03 21:00:00,133.2335
2025-06-03 21:10:00,128.0045
2025-06-03 21:20:00,125.6325
2025-06-03 21:30:00,116.534
2025-06-03 21:40:00,102.412
2025-06-03 21:50:00,94.6975
2025-06-03 22:00:00,91.87849999999999
2025-06-03 22:10:00,91.7095
2025-06-03 22:20:00,114.348
2025-06-03 22:30:00,131.228
2025-06-03 22:40:00,133.7415
2025-06-03 22:50:00,137.91750000000002
2025-06-03 23:00:00,133.60500000000002
2025-06-03 23:10:00,137.1705
2025-06-03 23:20:00,132.4975
2025-06-03 23:30:00,136.439
2025-06-03 23:40:00,136.971
2025-06-03 23:50:00,134.39600000000002
2025-06-04 00:00:00,132.8155
2025-06-04 00:10:00,134.4035
2025-06-04 00:20:00,129.076
2025-06-04 00:30:00,134.1035
2025-06-04 00:40:00,132.7665
2025-06-04 00:50:00,130.16649999999998
2025-06-04 01:00:00,127.7355
2025-06-04 01:10:00,128.325
2025-06-04 01:20:00,129.7835
2025-06-04 01:30:00,128.747
2025-06-04 01:40:00,130.25150000000002
2025-06-04 01:50:00,126.56
2025-06-04 02:00:00,131.386
2025-06-04 02:10:00,136.9145
2025-06-04 02:20:00,131.427
2025-06-04 02:30:00,129.899
2025-06-04 02:40:00,129.5625
2025-06-04 02:50:00,121.364
2025-06-04 03:00:00,126.196
2025-06-04 03:10:00,126.5655
2025-06-04 03:20:00,129.3865
2025-06-04 03:30:00,138.044
2025-06-04 03:40:00,134.9315
2025-06-04 03:50:00,132.6085
2025-06-04 04:00:00,141.595
2025-06-04 04:10:00,134.483
2025-06-04 04:20:00,126.8535
2025-06-04 04:30:00,114.19
2025-06-04 04:40:00,116.2875
2025-06-04 04:50:00,113.6425
2025-06-04 05:00:00,114.46549999999999
2025-06-04 05:10:00,99.389
2025-06-04 05:20:00,98.437
2025-06-04 05:30:00,95.4065
2025-06-04 05:40:00,99.69900000000001
2025-06-04 05:50:00,91.17099999999999
2025-06-04 06:00:00,85.60849999999999
2025-06-04 06:10:00,88.0835
2025-06-04 06:20:00,88.2745
2025-06-04 06:30:00,97.741
2025-06-04 06:40:00,124.82650000000001
2025-06-04 06:50:00,130.59550000000002
2025-06-04 07:00:00,133.062
2025-06-04 07:10:00,141.5725
2025-06-04 07:20:00,144.30700000000002
2025-06-04 07:30:00,143.837
2025-06-04 07:40:00,142.497
2025-06-04 07:50:00,145.8025
2025-06-04 08:00:00,150.5965
2025-06-04 08:10:00,144.53300000000002
2025-06-04 08:20:00,143.8395
2025-06-04 08:30:00,143.9765
2025-06-04 08:40:00,146.7755
2025-06-04 08:50:00,138.93349999999998
2025-06-04 09:00:00,140.31
2025-06-04 09:10:00,141.68900000000002
2025-06-04 09:20:00,144.8715
2025-06-04 09:30:00,143.4685
2025-06-04 09:40:00,142.4135
2025-06-04 09:50:00,143.8505
2025-06-04 10:00:00,140.7475
2025-06-04 10:10:00,141.3
2025-06-04 10:20:00,141.352
2025-06-04 10:30:00,146.7235
2025-06-04 10:40:00,129.709
2025-06-04 10:50:00,129.9335
2025-06-04 11:00:00,134.3595
2025-06-04 11:10:00,134.242
2025-06-04 11:20:00,136.487
2025-06-04 11:30:00,140.1825
2025-06-04 11:40:00,141.53699999999998
2025-06-04 11:50:00,141.44549999999998
2025-06-04 12:00:00,141.9915
2025-06-04 12:10:00,139.789
2025-06-04 12:20:00,140.671
2025-06-04 12:30:00,137.862
2025-06-04 12:40:00,136.177
2025-06-04 12:50:00,137.256
2025-06-04 13:00:00,136.481
2025-06-04 13:10:00,134.7575
2025-06-04 13:20:00,133.10649999999998
2025-06-04 13:30:00,127.674
2025-06-04 13:40:00,119.95349999999999
2025-06-04 13:50:00,119.09899999999999
2025-06-04 14:00:00,114.387
2025-06-04 14:10:00,104.0115
2025-06-04 14:20:00,117.356
2025-06-04 14:30:00,135.014
2025-06-04 14:40:00,141.9495
2025-06-04 14:50:00,134.466
2025-06-04 15:00:00,133.287
2025-06-04 15:10:00,138.9325
2025-06-04 15:20:00,139.418
2025-06-04 15:30:00,143.7485
2025-06-04 15:40:00,144.6025
2025-06-04 15:50:00,145.744
2025-06-04 16:00:00,149.622
2025-06-04 16:10:00,149.034
2025-06-04 16:20:00,144.938
2025-06-04 16:30:00,144.7855
2025-06-04 16:40:00,142.9485
2025-06-04 16:50:00,143.712
2025-06-04 17:00:00,142.087
2025-06-04 17:10:00,144.3025
2025-06-04 17:20:00,141.715
2025-06-04 17:30:00,129.0525
2025-06-04 17:40:00,131.0955
2025-06-04 17:50:00,138.5485
2025-06-04 18:00:00,140.749
2025-06-04 18:10:00,140.3995
2025-06-04 18:20:00,139.3625
2025-06-04 18:30:00,137.831
2025-06-04 18:40:00,145.736
2025-06-04 18:50:00,136.839
2025-06-04 19:00:00,138.4195
2025-06-04 19:10:00,139.638
2025-06-04 19:20:00,138.2975
2025-06-04 19:30:00,138.9825
2025-06-04 19:40:00,138.48
2025-06-04 19:50:00,138.8265
2025-06-04 20:00:00,143.4025
2025-06-04 20:10:00,140.1355
2025-06-04 20:20:00,139.762
2025-06-04 20:30:00,140.107
2025-06-04 20:40:00,138.713
2025-06-04 20:50:00,138.6
2025-06-04 21:00:00,133.397
2025-06-04 21:10:00,130.5445
2025-06-04 21:20:00,129.9545
2025-06-04 21:30:00,107.864
2025-06-04 21:40:00,106.96900000000001
2025-06-04 21:50:00,98.92849999999999
2025-06-04 22:00:00,97.5965
2025-06-04 22:10:00,95.357
2025-06-04 22:20:00,123.394
2025-06-04 22:30:00,126.4445
2025-06-04 22:40:00,124.4485
2025-06-04 22:50:00,126.1185
2025-06-04 23:00:00,133.2815
2025-06-04 23:10:00,130.7965
2025-06-04 23:20:00,129.445
2025-06-04 23:30:00,134.22750000000002
2025-06-04 23:40:00,130.19050000000001
2025-06-04 23:50:00,130.26999999999998
2025-06-05 00:00:00,126.7415
2025-06-05 00:10:00,135.2395
2025-06-05 00:20:00,133.7655
2025-06-05 00:30:00,128.67950000000002
2025-06-05 00:40:00,140.3
2025-06-05 00:50:00,135.8145
2025-06-05 01:00:00,137.416
2025-06-05 01:10:00,136.7295
2025-06-05 01:20:00,135.6945
2025-06-05 01:30:00,136.8845
2025-06-05 01:40:00,132.0225
2025-06-05 01:50:00,133.188
2025-06-05 02:00:00,131.6605
2025-06-05 02:10:00,134.8585
2025-06-05 02:20:00,135.197
2025-06-05 02:30:00,131.83
2025-06-05 02:40:00,127.13199999999999
2025-06-05 02:50:00,127.14750000000001
2025-06-05 03:00:00,131.078
2025-06-05 03:10:00,134.0335
2025-06-05 03:20:00,130.81900000000002
2025-06-05 03:30:00,124.0075
2025-06-05 03:40:00,118.5225
2025-06-05 03:50:00,125.334
2025-06-05 04:00:00,122.80699999999999
2025-06-05 04:10:00,125.0915
2025-06-05 04:20:00,122.4385
2025-06-05 04:30:00,126.34550000000002
2025-06-05 04:40:00,106.22149999999999
2025-06-05 04:50:00,121.389
2025-06-05 05:00:00,100.5625
2025-06-05 05:10:00,102.551
2025-06-05 05:20:00,97.2155
2025-06-05 05:30:00,94.133
2025-06-05 05:40:00,89.115
2025-06-05 05:50:00,86.90950000000001
2025-06-05 06:00:00,81.274
2025-06-05 06:10:00,82.561
2025-06-05 06:20:00,90.52350000000001
2025-06-05 06:30:00,101.292
2025-06-05 06:40:00,121.0335
2025-06-05 06:50:00,135.5015
2025-06-05 07:00:00,140.13
2025-06-05 07:10:00,142.25099999999998
2025-06-05 07:20:00,140.548
2025-06-05 07:30:00,140.944
2025-06-05 07:40:00,136.1675
2025-06-05 07:50:00,144.9025
2025-06-05 08:00:00,146.1545
2025-06-05 08:10:00,141.2905
2025-06-05 08:20:00,144.5445
2025-06-05 08:30:00,142.127
2025-06-05 08:40:00,146.29
2025-06-05 08:50:00,137.8945
2025-06-05 09:00:00,143.82999999999998
2025-06-05 09:10:00,139.29000000000002
2025-06-05 09:20:00,146.082
2025-06-05 09:30:00,142.222
2025-06-05 09:40:00,141.892
2025-06-05 09:50:00,140.409
2025-06-05 10:00:00,147.229
2025-06-05 10:10:00,142.3545
2025-06-05 10:20:00,132.3075
2025-06-05 10:30:00,139.5325
2025-06-05 10:40:00,139.11599999999999
2025-06-05 10:50:00,132.4315
2025-06-05 11:00:00,128.2145
2025-06-05 11:10:00,129.9035
2025-06-05 11:20:00,140.4035
2025-06-05 11:30:00,146.0435
2025-06-05 11:40:00,138.749
2025-06-05 11:50:00,136.1795
2025-06-05 12:00:00,138.8245
2025-06-05 12:10:00,135.1455
2025-06-05 12:20:00,139.553
2025-06-05 12:30:00,136.0505
2025-06-05 12:40:00,133.21800000000002
2025-06-05 12:50:00,132.329
2025-06-05 13:00:00,130.2175
2025-06-05 13:10:00,127.9735
2025-06-05 13:20:00,130.577
2025-06-05 13:30:00,129.0365
2025-06-05 13:40:00,126.65599999999999
2025-06-05 13:50:00,117.5755
2025-06-05 14:00:00,101.791
2025-06-05 14:10:00,110.8705
2025-06-05 14:20:00,118.3785
2025-06-05 14:30:00,127.39250000000001
2025-06-05 14:40:00,142.336
2025-06-05 14:50:00,139.35
2025-06-05 15:00:00,146.808
2025-06-05 15:10:00,139.8875
2025-06-05 15:20:00,142.572
2025-06-05 15:30:00,141.124
2025-06-05 15:40:00,141.248
2025-06-05 15:50:00,144.4685
2025-06-05 16:00:00,140.291
2025-06-05 16:10:00,143.0595
2025-06-05 16:20:00,145.5015
2025-06-05 16:30:00,141.15
2025-06-05 16:40:00,143.4835
2025-06-05 16:50:00,139.583
2025-06-05 17:00:00,143.7165
2025-06-05 17:10:00,141.11
2025-06-05 17:20:00,138.02
2025-06-05 17:30:00,133.942
2025-06-05 17:40:00,133.46800000000002
2025-06-05 17:50:00,134.8055
2025-06-05 18:00:00,143.5605
2025-06-05 18:10:00,138.66649999999998
2025-06-05 18:20:00,144.96949999999998
2025-06-05 18:30:00,144.444
2025-06-05 18:40:00,141.9065
2025-06-05 18:50:00,142.6365
2025-06-05 19:00:00,143.7875
2025-06-05 19:10:00,146.64749999999998
2025-06-05 19:20:00,143.18
2025-06-05 19:30:00,143.966
2025-06-05 19:40:00,137.35
2025-06-05 19:50:00,139.8835
2025-06-05 20:00:00,138.0315
2025-06-05 20:10:00,136.7715
2025-06-05 20:20:00,137.55599999999998
2025-06-05 20:30:00,142.8755
2025-06-05 20:40:00,136.578
2025-06-05 20:50:00,129.74900000000002
2025-06-05 21:00:00,139.478
2025-06-05 21:10:00,129.573
2025-06-05 21:20:00,124.469
2025-06-05 21:30:00,120.3235
2025-06-05 21:40:00,112.9205
2025-06-05 21:50:00,102.4465
2025-06-05 22:00:00,93.26350000000001
2025-06-05 22:10:00,95.2465
2025-06-05 22:20:00,118.413
2025-06-05 22:30:00,118.413
2025-06-05 22:40:00,134.876
2025-06-05 22:50:00,137.349
2025-06-05 23:00:00,130.7355
2025-06-05 23:10:00,133.70499999999998
2025-06-05 23:20:00,137.3435
2025-06-05 23:30:00,134.2025
2025-06-05 23:40:00,139.3285
2025-06-05 23:50:00,135.6155
2025-06-06 00:00:00,134.7505
2025-06-06 00:10:00,127.9035
2025-06-06 00:20:00,134.269
2025-06-06 00:30:00,135.17950000000002
2025-06-06 00:40:00,129.483
2025-06-06 00:50:00,131.3205
2025-06-06 01:00:00,136.4945
2025-06-06 01:10:00,138.322
2025-06-06 01:20:00,128.5585
2025-06-06 01:30:00,135.8245
2025-06-06 01:40:00,134.485
2025-06-06 01:50:00,137.939
2025-06-06 02:00:00,135.5515
2025-06-06 02:10:00,132.607
2025-06-06 02:20:00,132.3015
2025-06-06 02:30:00,131.3245
2025-06-06 02:40:00,128.518
2025-06-06 02:50:00,125.58949999999999
2025-06-06 03:00:00,124.113
2025-06-06 03:10:00,127.72900000000001
2025-06-06 03:20:00,128.147
2025-06-06 03:30:00,127.179
2025-06-06 03:40:00,133.708
2025-06-06 03:50:00,132.62099999999998
2025-06-06 04:00:00,132.1245
2025-06-06 04:10:00,128.074
2025-06-06 04:20:00,122.43450000000001
2025-06-06 04:30:00,126.30850000000001
2025-06-06 04:40:00,125.94
2025-06-06 04:50:00,121.026
2025-06-06 05:00:00,116.0445
2025-06-06 05:10:00,114.7265
2025-06-06 05:20:00,103.3595
2025-06-06 05:30:00,99.292
2025-06-06 05:40:00,92.56949999999999
2025-06-06 05:50:00,84.7
2025-06-06 06:00:00,87.8945
2025-06-06 06:10:00,84.6465
2025-06-06 06:20:00,91.52199999999999
2025-06-06 06:30:00,98.092
2025-06-06 06:40:00,125.1885
2025-06-06 06:50:00,135.6105
2025-06-06 07:00:00,139.215
2025-06-06 07:10:00,138.946
2025-06-06 07:20:00,142.0995
2025-06-06 07:30:00,140.0015
2025-06-06 07:40:00,137.279
2025-06-06 07:50:00,144.844
2025-06-06 08:00:00,146.643
2025-06-06 08:10:00,150.846
2025-06-06 08:20:00,141.4145
2025-06-06 08:30:00,145.2625
2025-06-06 08:40:00,150.25
2025-06-06 08:50:00,139.3495
2025-06-06 09:00:00,135.7565
2025-06-06 09:10:00,138.9475
2025-06-06 09:20:00,137.4065
2025-06-06 09:30:00,141.946
2025-06-06 09:40:00,139.914
2025-06-06 09:50:00,141.01
2025-06-06 10:00:00,138.1265
2025-06-06 10:10:00,141.599
2025-06-06 10:20:00,138.28449999999998
2025-06-06 10:30:00,134.841
2025-06-06 10:40:00,152.5075
2025-06-06 10:50:00,138.6985
2025-06-06 11:00:00,133.661
2025-06-06 11:10:00,149.923
2025-06-06 11:20:00,142.409
2025-06-06 11:30:00,137.2745
2025-06-06 11:40:00,139.30849999999998
2025-06-06 11:50:00,139.997
2025-06-06 12:00:00,137.4785
2025-06-06 12:10:00,144.731
2025-06-06 12:20:00,138.8585
2025-06-06 12:30:00,135.5115
2025-06-06 12:40:00,137.1675
2025-06-06 12:50:00,131.7975
2025-06-06 13:00:00,134.244
2025-06-06 13:10:00,142.733
2025-06-06 13:20:00,136.45999999999998
2025-06-06 13:30:00,134.526
2025-06-06 13:40:00,132.35000000000002
2025-06-06 13:50:00,108.73549999999999
2025-06-06 14:00:00,100.494
2025-06-06 14:10:00,99.59450000000001
2025-06-06 14:20:00,115.03150000000001
2025-06-06 14:30:00,138.0125
2025-06-06 14:40:00,141.1945
2025-06-06 14:50:00,142.996
2025-06-06 15:00:00,148.0025
2025-06-06 15:10:00,146.329
2025-06-06 15:20:00,144.7725
2025-06-06 15:30:00,137.811
2025-06-06 15:40:00,138.8075
2025-06-06 15:50:00,142.199
2025-06-06 16:00:00,144.789
2025-06-06 16:10:00,145.45350000000002
2025-06-06 16:20:00,142.8715
2025-06-06 16:30:00,147.412
2025-06-06 16:40:00,150.655
2025-06-06 16:50:00,144.568
2025-06-06 17:00:00,145.3435
2025-06-06 17:10:00,136.21949999999998
2025-06-06 17:20:00,138.009
2025-06-06 17:30:00,129.4195
2025-06-06 17:40:00,128.297
2025-06-06 17:50:00,135.813
2025-06-06 18:00:00,138.3005
2025-06-06 18:10:00,131.2185
2025-06-06 18:20:00,131.2575
2025-06-06 18:30:00,141.2875
2025-06-06 18:40:00,149.559
2025-06-06 18:50:00,146.191
2025-06-06 19:00:00,142.50650000000002
2025-06-06 19:10:00,141.82150000000001
2025-06-06 19:20:00,147.5215
2025-06-06 19:30:00,138.7495
2025-06-06 19:40:00,140.755
2025-06-06 19:50:00,142.4985
2025-06-06 20:00:00,141.018
2025-06-06 20:10:00,148.06799999999998
2025-06-06 20:20:00,140.19549999999998
2025-06-06 20:30:00,143.57150000000001
2025-06-06 20:40:00,145.0255
2025-06-06 20:50:00,135.0595
2025-06-06 21:00:00,137.123
2025-06-06 21:10:00,134.2525
2025-06-06 21:20:00,115.2535
2025-06-06 21:30:00,108.895
2025-06-06 21:40:00,103.9585
2025-06-06 21:50:00,101.4505
2025-06-06 22:00:00,93.49300000000001
2025-06-06 22:10:00,94.459
2025-06-06 22:20:00,109.742
2025-06-06 22:30:00,132.0075
2025-06-06 22:40:00,134.912
2025-06-06 22:50:00,132.517
2025-06-06 23:00:00,126.774
2025-06-06 23:10:00,128.979
2025-06-06 23:20:00,127.4305
2025-06-06 23:30:00,130.423
2025-06-06 23:40:00,131.01049999999998
2025-06-06 23:50:00,127.06
2025-06-07 00:00:00,135.59199999999998
2025-06-07 00:10:00,131.746
2025-06-07 00:20:00,131.099
2025-06-07 00:30:00,132.649
2025-06-07 00:40:00,131.1105
2025-06-07 00:50:00,134.941
2025-06-07 01:00:00,136.8345
2025-06-07 01:10:00,133.1985
2025-06-07 01:20:00,140.9775
2025-06-07 01:30:00,137.847
2025-06-07 01:40:00,141.2815
2025-06-07 01:50:00,137.4685
2025-06-07 02:00:00,132.1525
2025-06-07 02:10:00,132.915
2025-06-07 02:20:00,132.1285
2025-06-07 02:30:00,127.55250000000001
2025-06-07 02:40:00,131.624
2025-06-07 02:50:00,125.64349999999999
2025-06-07 03:00:00,131.8315
2025-06-07 03:10:00,136.6205
2025-06-07 03:20:00,129.7575
2025-06-07 03:30:00,129.4325
2025-06-07 03:40:00,132.6915
2025-06-07 03:50:00,127.3425
2025-06-07 04:00:00,131.1825
2025-06-07 04:10:00,127.8185
2025-06-07 04:20:00,115.271
2025-06-07 04:30:00,123.322
2025-06-07 04:40:00,112.4305
2025-06-07 04:50:00,107.1095
2025-06-07 05:00:00,104.3395
2025-06-07 05:10:00,103.919
2025-06-07 05:20:00,100.1655
2025-06-07 05:30:00,97.6945
2025-06-07 05:40:00,92.4055
2025-06-07 05:50:00,90.858
2025-06-07 06:00:00,85.5305
2025-06-07 06:10:00,84.7155
2025-06-07 06:20:00,89.1285
2025-06-07 06:30:00,102.20450000000001
2025-06-07 06:40:00,127.858
2025-06-07 06:50:00,137.729
2025-06-07 07:00:00,137.027
2025-06-07 07:10:00,146.2595
2025-06-07 07:20:00,141.1285
2025-06-07 07:30:00,140.317
2025-06-07 07:40:00,145.566
2025-06-07 07:50:00,138.8015
2025-06-07 08:00:00,141.1625
2025-06-07 08:10:00,146.6755
2025-06-07 08:20:00,143.1405
2025-06-07 08:30:00,144.954
2025-06-07 08:40:00,142.3275
2025-06-07 08:50:00,145.5865
2025-06-07 09:00:00,145.09050000000002
2025-06-07 09:10:00,139.6915
2025-06-07 09:20:00,143.34300000000002
2025-06-07 09:30:00,152.816
2025-06-07 09:40:00,140.35750000000002
2025-06-07 09:50:00,150.273
2025-06-07 10:00:00,142.18650000000002
2025-06-07 10:10:00,137.5735
2025-06-07 10:20:00,148.755
2025-06-07 10:30:00,142.2295
2025-06-07 10:40:00,136.369
2025-06-07 10:50:00,143.58950000000002
2025-06-07 11:00:00,131.7355
2025-06-07 11:10:00,137.4795
2025-06-07 11:20:00,139.7165
2025-06-07 11:30:00,143.04899999999998
2025-06-07 11:40:00,139.23250000000002
2025-06-07 11:50:00,136.9355
2025-06-07 12:00:00,136.91649999999998
2025-06-07 12:10:00,138.07549999999998
2025-06-07 12:20:00,135.70499999999998
2025-06-07 12:30:00,139.737
2025-06-07 12:40:00,141.5815
2025-06-07 12:50:00,138.1775
2025-06-07 13:00:00,142.295
2025-06-07 13:10:00,133.94
2025-06-07 13:20:00,134.145
2025-06-07 13:30:00,120.9025
2025-06-07 13:40:00,118.018
2025-06-07 13:50:00,102.0
2025-06-07 14:00:00,97.185
2025-06-07 14:10:00,98.616
2025-06-07 14:20:00,104.98
2025-06-07 14:30:00,139.3535
2025-06-07 14:40:00,135.20850000000002
2025-06-07 14:50:00,148.9775
2025-06-07 15:00:00,143.129
2025-06-07 15:10:00,145.74450000000002
2025-06-07 15:20:00,154.4475
2025-06-07 15:30:00,150.5075
2025-06-07 15:40:00,144.635
2025-06-07 15:50:00,148.8435
2025-06-07 16:00:00,143.8835
2025-06-07 16:10:00,140.8395
2025-06-07 16:20:00,143.906
2025-06-07 16:30:00,140.7775
2025-06-07 16:40:00,139.171
2025-06-07 16:50:00,144.192
2025-06-07 17:00:00,140.97
2025-06-07 17:10:00,136.5615
2025-06-07 17:20:00,137.8845
2025-06-07 17:30:00,131.8125
2025-06-07 17:40:00,136.4505
2025-06-07 17:50:00,136.018
2025-06-07 18:00:00,139.8875
2025-06-07 18:10:00,145.3985
2025-06-07 18:20:00,131.576
2025-06-07 18:30:00,135.6255
2025-06-07 18:40:00,136.198
2025-06-07 18:50:00,149.3425
2025-06-07 19:00:00,144.7285
2025-06-07 19:10:00,147.8505
2025-06-07 19:20:00,149.373
2025-06-07 19:30:00,139.59199999999998
2025-06-07 19:40:00,147.2215
2025-06-07 19:50:00,143.087
2025-06-07 20:00:00,139.1475
2025-06-07 20:10:00,135.1525
2025-06-07 20:20:00,137.7645
2025-06-07 20:30:00,138.5105
2025-06-07 20:40:00,137.87900000000002
2025-06-07 20:50:00,146.048
2025-06-07 21:00:00,128.9735
2025-06-07 21:10:00,133.684
2025-06-07 21:20:00,110.988
2025-06-07 21:30:00,110.2245
2025-06-07 21:40:00,99.9225
2025-06-07 21:50:00,98.5145
2025-06-07 22:00:00,93.31800000000001
2025-06-07 22:10:00,96.316
2025-06-07 22:20:00,105.4415
2025-06-07 22:30:00,126.1525
2025-06-07 22:40:00,138.566
2025-06-07 22:50:00,132.2215
2025-06-07 23:00:00,131.8075
2025-06-07 23:10:00,129.2235
2025-06-07 23:20:00,136.9095
2025-06-07 23:30:00,126.2425
2025-06-07 23:40:00,129.4575
2025-06-07 23:50:00,137.331
2025-06-08 00:00:00,127.79400000000001
2025-06-08 00:10:00,129.1155
2025-06-08 00:20:00,130.7595
2025-06-08 00:30:00,133.6925
2025-06-08 00:40:00,133.421
2025-06-08 00:50:00,132.1615
2025-06-08 01:00:00,141.541
2025-06-08 01:10:00,142.40949999999998
2025-06-08 01:20:00,130.861
2025-06-08 01:30:00,131.569
2025-06-08 01:40:00,139.251
2025-06-08 01:50:00,141.76749999999998
2025-06-08 02:00:00,134.4695
2025-06-08 02:10:00,129.6005
2025-06-08 02:20:00,130.2835
2025-06-08 02:30:00,133.139
2025-06-08 02:40:00,125.7895
2025-06-08 02:50:00,128.242
2025-06-08 03:00:00,125.623
2025-06-08 03:10:00,124.40100000000001
2025-06-08 03:20:00,128.7445
2025-06-08 03:30:00,133.3025
2025-06-08 03:40:00,125.23599999999999
2025-06-08 03:50:00,126.32050000000001
2025-06-08 04:00:00,125.88
2025-06-08 04:10:00,123.6045
2025-06-08 04:20:00,121.02499999999999
2025-06-08 04:30:00,124.786
2025-06-08 04:40:00,112.64450000000001
2025-06-08 04:50:00,116.8915
2025-06-08 05:00:00,103.0065
2025-06-08 05:10:00,105.7705
2025-06-08 05:20:00,100.39150000000001
2025-06-08 05:30:00,93.4165
2025-06-08 05:40:00,89.518
2025-06-08 05:50:00,85.177
2025-06-08 06:00:00,80.365
2025-06-08 06:10:00,77.93299999999999
2025-06-08 06:20:00,86.9205
2025-06-08 06:30:00,97.78999999999999
2025-06-08 06:40:00,107.0
2025-06-08 06:50:00,112.26549999999999
2025-06-08 07:00:00,111.332
2025-06-08 07:10:00,115.6665
2025-06-08 07:20:00,113.9795
2025-06-08 07:30:00,119.1515
2025-06-08 07:40:00,121.141
2025-06-08 07:50:00,115.4325
2025-06-08 08:00:00,123.16499999999999
2025-06-08 08:10:00,111.66049999999998
2025-06-08 08:20:00,128.0335
2025-06-08 08:30:00,121.10000000000001
2025-06-08 08:40:00,113.878
2025-06-08 08:50:00,117.8135
2025-06-08 09:00:00,116.022
2025-06-08 09:10:00,121.519
2025-06-08 09:20:00,116.85149999999999
2025-06-08 09:30:00,116.59
2025-06-08 09:40:00,114.19
2025-06-08 09:50:00,127.4325
2025-06-08 10:00:00,113.3355
2025-06-08 10:10:00,114.36999999999999
2025-06-08 10:20:00,114.6545
2025-06-08 10:30:00,113.2755
2025-06-08 10:40:00,107.5445
2025-06-08 10:50:00,106.00699999999999
2025-06-08 11:00:00,105.2005
2025-06-08 11:10:00,118.106
2025-06-08 11:20:00,118.3135
2025-06-08 11:30:00,118.91749999999999
2025-06-08 11:40:00,120.5905
2025-06-08 11:50:00,120.20400000000001
2025-06-08 12:00:00,119.224
2025-06-08 12:10:00,106.011
2025-06-08 12:20:00,99.732
2025-06-08 12:30:00,105.1475
2025-06-08 12:40:00,104.704
2025-06-08 12:50:00,102.84400000000001
2025-06-08 13:00:00,100.16900000000001
2025-06-08 13:10:00,97.633
2025-06-08 13:20:00,90.70349999999999
2025-06-08 13:30:00,86.92999999999999
2025-06-08 13:40:00,70.96449999999999
2025-06-08 13:50:00,61.0125
2025-06-08 14:00:00,59.9775
2025-06-08 14:10:00,40.286500000000004
2025-06-08 14:20:00,41.186
2025-06-08 14:30:00,43.811
2025-06-08 14:40:00,40.094
2025-06-08 14:50:00,36.707499999999996
2025-06-08 15:00:00,40.867
2025-06-08 15:10:00,40.2705
2025-06-08 15:20:00,41.1935
2025-06-08 15:30:00,42.72
2025-06-08 15:40:00,40.896
2025-06-08 15:50:00,41.063500000000005
2025-06-08 16:00:00,38.964000000000006
2025-06-08 16:10:00,37.652499999999996
2025-06-08 16:20:00,44.3695
2025-06-08 16:30:00,39.5445
2025-06-08 16:40:00,37.8255
2025-06-08 16:50:00,39.996
2025-06-08 17:00:00,43.104
2025-06-08 17:10:00,36.907000000000004
2025-06-08 17:20:00,40.018499999999996
2025-06-08 17:30:00,36.321000000000005
2025-06-08 17:40:00,38.833000000000006
2025-06-08 17:50:00,36.189499999999995
2025-06-08 18:00:00,35.751000000000005
2025-06-08 18:10:00,43.6385
2025-06-08 18:20:00,37.363
2025-06-08 18:30:00,38.107
2025-06-08 18:40:00,37.079
2025-06-08 18:50:00,46.6305
2025-06-08 19:00:00,36.8635
2025-06-08 19:10:00,38.512499999999996
2025-06-08 19:20:00,37.6405
2025-06-08 19:30:00,34.528
2025-06-08 19:40:00,39.5385
2025-06-08 19:50:00,38.3585
2025-06-08 20:00:00,36.8335
2025-06-08 20:10:00,35.415499999999994
2025-06-08 20:20:00,39.9195
2025-06-08 20:30:00,37.2225
2025-06-08 20:40:00,34.865
2025-06-08 20:50:00,35.162
2025-06-08 21:00:00,37.9235
2025-06-08 21:10:00,38.105
2025-06-08 21:20:00,32.453
2025-06-08 21:30:00,30.7
2025-06-08 21:40:00,36.155
2025-06-08 21:50:00,32.7535
2025-06-08 22:00:00,29.2435
2025-06-08 22:10:00,30.9715
2025-06-08 22:20:00,32.2555
2025-06-08 22:30:00,29.319
2025-06-08 22:40:00,29.4405
2025-06-08 22:50:00,30.8135
2025-06-08 23:00:00,25.3805
2025-06-08 23:10:00,30.084
2025-06-08 23:20:00,26.284
2025-06-08 23:30:00,27.433999999999997
2025-06-08 23:40:00,31.398
2025-06-08 23:50:00,27.1645
2025-06-09 00:00:00,28.099999999999998
2025-06-09 00:10:00,33.32
2025-06-09 00:20:00,27.313
2025-06-09 00:30:00,31.8995
2025-06-09 00:40:00,33.3085
2025-06-09 00:50:00,25.706500000000002
2025-06-09 01:00:00,30.051000000000002
2025-06-09 01:10:00,30.092
2025-06-09 01:20:00,31.115
2025-06-09 01:30:00,33.751
2025-06-09 01:40:00,27.91
2025-06-09 01:50:00,28.5455
2025-06-09 02:00:00,29.6235
2025-06-09 02:10:00,29.8785
2025-06-09 02:20:00,28.821499999999997
2025-06-09 02:30:00,30.5125
2025-06-09 02:40:00,31.475499999999997
2025-06-09 02:50:00,25.853
2025-06-09 03:00:00,31.0275
2025-06-09 03:10:00,25.7035
2025-06-09 03:20:00,29.4
2025-06-09 03:30:00,24.529
2025-06-09 03:40:00,29.711000000000002
2025-06-09 03:50:00,28.39
2025-06-09 04:00:00,26.5755
2025-06-09 04:10:00,26.004
2025-06-09 04:20:00,27.4895
2025-06-09 04:30:00,35.57299999999999
2025-06-09 04:40:00,28.8185
2025-06-09 04:50:00,30.048000000000002
2025-06-09 05:00:00,30.624
2025-06-09 05:10:00,32.52
2025-06-09 05:20:00,29.5335
2025-06-09 05:30:00,30.1845
2025-06-09 05:40:00,26.4805
2025-06-09 05:50:00,28.22
2025-06-09 06:00:00,30.2845
2025-06-09 06:10:00,30.354
2025-06-09 06:20:00,59.655
2025-06-09 06:30:00,70.2185
2025-06-09 06:40:00,100.638
2025-06-09 06:50:00,111.0965
2025-06-09 07:00:00,117.1995
2025-06-09 07:10:00,122.43200000000002
2025-06-09 07:20:00,118.37299999999999
2025-06-09 07:30:00,130.218
2025-06-09 07:40:00,143.07600000000002
2025-06-09 07:50:00,125.4805
2025-06-09 08:00:00,127.4825
2025-06-09 08:10:00,126.85050000000001
2025-06-09 08:20:00,129.485
2025-06-09 08:30:00,109.96249999999999
2025-06-09 08:40:00,121.179
2025-06-09 08:50:00,134.1435
2025-06-09 09:00:00,133.576
2025-06-09 09:10:00,132.4665
2025-06-09 09:20:00,133.13299999999998
2025-06-09 09:30:00,132.7855
2025-06-09 09:40:00,133.07150000000001
2025-06-09 09:50:00,135.53300000000002
2025-06-09 10:00:00,134.742
2025-06-09 10:10:00,125.749
2025-06-09 10:20:00,131.13400000000001
2025-06-09 10:30:00,123.7875
2025-06-09 10:40:00,131.867
2025-06-09 10:50:00,127.4425
2025-06-09 11:00:00,136.212
2025-06-09 11:10:00,130.235
2025-06-09 11:20:00,135.53300000000002
2025-06-09 11:30:00,130.9485
2025-06-09 11:40:00,130.03300000000002
2025-06-09 11:50:00,134.4895
2025-06-09 12:00:00,131.724
2025-06-09 12:10:00,133.40449999999998
2025-06-09 12:20:00,131.993
2025-06-09 12:30:00,124.40799999999999
2025-06-09 12:40:00,125.70249999999999
2025-06-09 12:50:00,125.616
2025-06-09 13:00:00,118.679
2025-06-09 13:10:00,113.21000000000001
2025-06-09 13:20:00,113.49849999999999
2025-06-09 13:30:00,117.201
2025-06-09 13:40:00,117.458
2025-06-09 13:50:00,113.5845
2025-06-09 14:00:00,90.8955
2025-06-09 14:10:00,100.165
2025-06-09 14:20:00,107.4495
2025-06-09 14:30:00,124.8335
2025-06-09 14:40:00,142.564
2025-06-09 14:50:00,128.77100000000002
2025-06-09 15:00:00,132.6275
2025-06-09 15:10:00,139.6795
2025-06-09 15:20:00,135.8385
2025-06-09 15:30:00,142.5685
2025-06-09 15:40:00,143.9575
2025-06-09 15:50:00,136.8175
2025-06-09 16:00:00,141.5685
2025-06-09 16:10:00,142.6935
2025-06-09 16:20:00,138.41
2025-06-09 16:30:00,143.95
2025-06-09 16:40:00,137.798
2025-06-09 16:50:00,139.999
2025-06-09 17:00:00,140.15699999999998
2025-06-09 17:10:00,141.4685
2025-06-09 17:20:00,135.0725
2025-06-09 17:30:00,138.956
2025-06-09 17:40:00,130.346
2025-06-09 17:50:00,131.464
2025-06-09 18:00:00,131.423
2025-06-09 18:10:00,139.248
2025-06-09 18:20:00,139.1995
2025-06-09 18:30:00,142.07150000000001
2025-06-09 18:40:00,145.219
2025-06-09 18:50:00,144.4205
2025-06-09 19:00:00,146.82150000000001
2025-06-09 19:10:00,146.4055
2025-06-09 19:20:00,129.5105
2025-06-09 19:30:00,138.519
2025-06-09 19:40:00,143.45100000000002
2025-06-09 19:50:00,130.23149999999998
2025-06-09 20:00:00,135.595
2025-06-09 20:10:00,134.316
2025-06-09 20:20:00,129.613
2025-06-09 20:30:00,142.2395
2025-06-09 20:40:00,123.577
2025-06-09 20:50:00,130.641
2025-06-09 21:00:00,127.5125
2025-06-09 21:10:00,120.91300000000001
2025-06-09 21:20:00,119.6045
2025-06-09 21:30:00,118.066
2025-06-09 21:40:00,111.2735
2025-06-09 21:50:00,115.517
2025-06-09 22:00:00,93.709
2025-06-09 22:10:00,90.7915
2025-06-09 22:20:00,117.1605
2025-06-09 22:30:00,139.086
2025-06-09 22:40:00,135.992
2025-06-09 22:50:00,138.432
2025-06-09 23:00:00,133.603
2025-06-09 23:10:00,134.9965
2025-06-09 23:20:00,134.5325
2025-06-09 23:30:00,139.5745
2025-06-09 23:40:00,132.689
2025-06-09 23:50:00,130.1265
2025-06-10 00:00:00,144.769
2025-06-10 00:10:00,150.7525
2025-06-10 00:20:00,139.478
2025-06-10 00:30:00,155.21550000000002
2025-06-10 00:40:00,145.7695
2025-06-10 00:50:00,146.558
2025-06-10 01:00:00,147.7115
2025-06-10 01:10:00,139.3045
2025-06-10 01:20:00,140.8445
2025-06-10 01:30:00,143.71249999999998
2025-06-10 01:40:00,137.0195
2025-06-10 01:50:00,140.688
2025-06-10 02:00:00,138.452
2025-06-10 02:10:00,137.727
2025-06-10 02:20:00,132.5675
2025-06-10 02:30:00,149.191
2025-06-10 02:40:00,140.74200000000002
2025-06-10 02:50:00,141.7215
2025-06-10 03:00:00,139.7475
2025-06-10 03:10:00,140.3355
2025-06-10 03:20:00,138.477
2025-06-10 03:30:00,131.0145
2025-06-10 03:40:00,141.436
2025-06-10 03:50:00,139.431
2025-06-10 04:00:00,136.305
2025-06-10 04:10:00,133.00650000000002
2025-06-10 04:20:00,141.64249999999998
2025-06-10 04:30:00,136.23250000000002
2025-06-10 04:40:00,141.22050000000002
2025-06-10 04:50:00,132.639
2025-06-10 05:00:00,122.1165
2025-06-10 05:10:00,125.123
2025-06-10 05:20:00,113.729
2025-06-10 05:30:00,107.91
2025-06-10 05:40:00,94.0835
2025-06-10 05:50:00,87.762
2025-06-10 06:00:00,84.3355
2025-06-10 06:10:00,85.8175
2025-06-10 06:20:00,99.002
2025-06-10 06:30:00,102.369
2025-06-10 06:40:00,132.045
2025-06-10 06:50:00,127.0985
2025-06-10 07:00:00,137.3435
2025-06-10 07:10:00,131.1575
2025-06-10 07:20:00,133.1265
2025-06-10 07:30:00,131.945
2025-06-10 07:40:00,137.8465
2025-06-10 07:50:00,135.3755
2025-06-10 08:00:00,138.511
2025-06-10 08:10:00,135.031
2025-06-10 08:20:00,136.619
2025-06-10 08:30:00,141.094
2025-06-10 08:40:00,140.6045
2025-06-10 08:50:00,139.6715
2025-06-10 09:00:00,136.121
2025-06-10 09:10:00,138.776
2025-06-10 09:20:00,139.3415
2025-06-10 09:30:00,136.3925
2025-06-10 09:40:00,132.84199999999998
2025-06-10 09:50:00,134.8875
2025-06-10 10:00:00,147.273
2025-06-10 10:10:00,115.321
2025-06-10 10:20:00,129.0815
2025-06-10 10:30:00,131.9515
2025-06-10 10:40:00,128.046
2025-06-10 10:50:00,125.638
2025-06-10 11:00:00,126.79050000000001
2025-06-10 11:10:00,123.23049999999999
2025-06-10 11:20:00,129.2515
2025-06-10 11:30:00,133.4535
2025-06-10 11:40:00,120.751
2025-06-10 11:50:00,123.55000000000001
2025-06-10 12:00:00,121.856
2025-06-10 12:10:00,122.0195
2025-06-10 12:20:00,128.374
2025-06-10 12:30:00,130.188
2025-06-10 12:40:00,129.2125
2025-06-10 12:50:00,122.663
2025-06-10 13:00:00,131.351
2025-06-10 13:10:00,128.073
2025-06-10 13:20:00,120.8145
2025-06-10 13:30:00,134.00150000000002
2025-06-10 13:40:00,120.62550000000002
2025-06-10 13:50:00,107.18199999999999
2025-06-10 14:00:00,103.4315
2025-06-10 14:10:00,94.52149999999999
2025-06-10 14:20:00,118.5175
2025-06-10 14:30:00,137.195
2025-06-10 14:40:00,139.6015
2025-06-10 14:50:00,137.786
2025-06-10 15:00:00,139.231
2025-06-10 15:10:00,147.96450000000002
2025-06-10 15:20:00,136.151
2025-06-10 15:30:00,151.4935
2025-06-10 15:40:00,151.0205
2025-06-10 15:50:00,145.4455
2025-06-10 16:00:00,148.83499999999998
2025-06-10 16:10:00,147.8895
2025-06-10 16:20:00,138.2155
2025-06-10 16:30:00,143.043
2025-06-10 16:40:00,142.9145
2025-06-10 16:50:00,134.4525
2025-06-10 17:00:00,143.137
2025-06-10 17:10:00,137.769
2025-06-10 17:20:00,132.86
2025-06-10 17:30:00,140.87800000000001
2025-06-10 17:40:00,137.188
2025-06-10 17:50:00,131.60250000000002
2025-06-10 18:00:00,135.1525
2025-06-10 18:10:00,128.426
2025-06-10 18:20:00,132.7625
2025-06-10 18:30:00,137.60899999999998
2025-06-10 18:40:00,139.3725
2025-06-10 18:50:00,141.593
2025-06-10 19:00:00,142.55349999999999
2025-06-10 19:10:00,142.5355
2025-06-10 19:20:00,136.8615
2025-06-10 19:30:00,146.204
2025-06-10 19:40:00,145.8315
2025-06-10 19:50:00,139.201
2025-06-10 20:00:00,139.2225
2025-06-10 20:10:00,140.856
2025-06-10 20:20:00,139.2095
2025-06-10 20:30:00,136.7935
2025-06-10 20:40:00,127.9655
2025-06-10 20:50:00,129.0685
2025-06-10 21:00:00,123.591
2025-06-10 21:10:00,125.7965
2025-06-10 21:20:00,122.807
2025-06-10 21:30:00,124.211
2025-06-10 21:40:00,103.7055
2025-06-10 21:50:00,100.3535
2025-06-10 22:00:00,95.03150000000001
2025-06-10 22:10:00,89.9675
2025-06-10 22:20:00,116.215
2025-06-10 22:30:00,124.1515
2025-06-10 22:40:00,134.59
2025-06-10 22:50:00,133.9305
2025-06-10 23:00:00,137.70250000000001
2025-06-10 23:10:00,141.488
2025-06-10 23:20:00,138.284
2025-06-10 23:30:00,137.547
2025-06-10 23:40:00,148.24
2025-06-10 23:50:00,147.5315
2025-06-11 00:00:00,146.7855
2025-06-11 00:10:00,147.236
2025-06-11 00:20:00,140.72899999999998
2025-06-11 00:30:00,142.779
2025-06-11 00:40:00,143.6885
2025-06-11 00:50:00,143.5265
2025-06-11 01:00:00,141.4365
2025-06-11 01:10:00,140.748
2025-06-11 01:20:00,145.5935
2025-06-11 01:30:00,145.323
2025-06-11 01:40:00,142.446
2025-06-11 01:50:00,139.88400000000001
2025-06-11 02:00:00,138.774
2025-06-11 02:10:00,136.66400000000002
2025-06-11 02:20:00,140.2815
2025-06-11 02:30:00,135.15449999999998
2025-06-11 02:40:00,138.11450000000002
2025-06-11 02:50:00,148.4495
2025-06-11 03:00:00,133.701
2025-06-11 03:10:00,128.986
2025-06-11 03:20:00,136.546
2025-06-11 03:30:00,137.7835
2025-06-11 03:40:00,134.8805
2025-06-11 03:50:00,129.994
2025-06-11 04:00:00,127.561
2025-06-11 04:10:00,131.68599999999998
2025-06-11 04:20:00,134.077
2025-06-11 04:30:00,126.4615
2025-06-11 04:40:00,129.15200000000002
2025-06-11 04:50:00,112.92599999999999
2025-06-11 05:00:00,105.2495
2025-06-11 05:10:00,101.59649999999999
2025-06-11 05:20:00,110.055
2025-06-11 05:30:00,105.78649999999999
2025-06-11 05:40:00,88.5915
2025-06-11 05:50:00,83.5975
2025-06-11 06:00:00,81.2495
2025-06-11 06:10:00,81.00800000000001
2025-06-11 06:20:00,87.99199999999999
2025-06-11 06:30:00,112.547
2025-06-11 06:40:00,123.095
2025-06-11 06:50:00,132.752
2025-06-11 07:00:00,136.374
2025-06-11 07:10:00,128.3115
2025-06-11 07:20:00,135.8135
2025-06-11 07:30:00,148.9435
2025-06-11 07:40:00,137.85649999999998
2025-06-11 07:50:00,134.52
2025-06-11 08:00:00,138.5175
2025-06-11 08:10:00,134.4565
2025-06-11 08:20:00,137.8785
2025-06-11 08:30:00,130.232
2025-06-11 08:40:00,126.75500000000001
2025-06-11 08:50:00,138.6365
2025-06-11 09:00:00,134.3155
2025-06-11 09:10:00,129.2035
2025-06-11 09:20:00,126.34299999999999
2025-06-11 09:30:00,136.7625
2025-06-11 09:40:00,131.9375
2025-06-11 09:50:00,138.8835
2025-06-11 10:00:00,128.462
2025-06-11 10:10:00,132.0535
2025-06-11 10:20:00,127.74549999999999
2025-06-11 10:30:00,129.8515
2025-06-11 10:40:00,135.9625
2025-06-11 10:50:00,128.4435
2025-06-11 11:00:00,132.349
2025-06-11 11:10:00,135.144
2025-06-11 11:20:00,135.8315
2025-06-11 11:30:00,137.014
2025-06-11 11:40:00,134.9255
2025-06-11 11:50:00,133.709
2025-06-11 12:00:00,131.567
2025-06-11 12:10:00,123.3995
2025-06-11 12:20:00,129.574
2025-06-11 12:30:00,129.2525
2025-06-11 12:40:00,135.7995
2025-06-11 12:50:00,131.958
2025-06-11 13:00:00,130.8705
2025-06-11 13:10:00,126.59750000000001
2025-06-11 13:20:00,110.7445
2025-06-11 13:30:00,116.3465
2025-06-11 13:40:00,106.401
2025-06-11 13:50:00,108.366
2025-06-11 14:00:00,98.1545
2025-06-11 14:10:00,96.1135
2025-06-11 14:20:00,98.4265
2025-06-11 14:30:00,127.0535
2025-06-11 14:40:00,131.1995
2025-06-11 14:50:00,142.7315
2025-06-11 15:00:00,142.78050000000002
2025-06-11 15:10:00,143.697
2025-06-11 15:20:00,131.8435
2025-06-11 15:30:00,144.51500000000001
2025-06-11 15:40:00,135.7845
2025-06-11 15:50:00,138.642
2025-06-11 16:00:00,141.018
2025-06-11 16:10:00,140.997
2025-06-11 16:20:00,142.29149999999998
2025-06-11 16:30:00,140.1655
2025-06-11 16:40:00,139.8085
2025-06-11 16:50:00,145.258
2025-06-11 17:00:00,142.1295
2025-06-11 17:10:00,142.568
2025-06-11 17:20:00,150.3715
2025-06-11 17:30:00,136.16649999999998
2025-06-11 17:40:00,128.53
2025-06-11 17:50:00,130.404
2025-06-11 18:00:00,147.23499999999999
2025-06-11 18:10:00,145.38400000000001
2025-06-11 18:20:00,139.752
2025-06-11 18:30:00,127.06649999999999
2025-06-11 18:40:00,141.8165
2025-06-11 18:50:00,141.56900000000002
2025-06-11 19:00:00,140.79149999999998
2025-06-11 19:10:00,144.276
2025-06-11 19:20:00,136.878
2025-06-11 19:30:00,142.752
2025-06-11 19:40:00,144.6705
2025-06-11 19:50:00,132.172
2025-06-11 20:00:00,135.4035
2025-06-11 20:10:00,140.075
2025-06-11 20:20:00,131.7765
2025-06-11 20:30:00,136.9465
2025-06-11 20:40:00,128.998
2025-06-11 20:50:00,129.0195
2025-06-11 21:00:00,135.87650000000002
2025-06-11 21:10:00,131.76850000000002
2025-06-11 21:20:00,124.216
2025-06-11 21:30:00,119.80799999999999
2025-06-11 21:40:00,118.652
2025-06-11 21:50:00,100.8915
2025-06-11 22:00:00,103.6155
2025-06-11 22:10:00,99.9985
2025-06-11 22:20:00,111.69850000000001
2025-06-11 22:30:00,134.858
2025-06-11 22:40:00,140.05450000000002
2025-06-11 22:50:00,144.328
2025-06-11 23:00:00,143.2495
2025-06-11 23:10:00,135.928
2025-06-11 23:20:00,137.41199999999998
2025-06-11 23:30:00,141.45
2025-06-11 23:40:00,138.92950000000002
2025-06-11 23:50:00,150.62099999999998
2025-06-12 00:00:00,150.758
2025-06-12 00:10:00,143.529
2025-06-12 00:20:00,136.11700000000002
2025-06-12 00:30:00,145.431
2025-06-12 00:40:00,139.14499999999998
2025-06-12 00:50:00,139.5005
2025-06-12 01:00:00,139.019
2025-06-12 01:10:00,155.0745
2025-06-12 01:20:00,140.6505
2025-06-12 01:30:00,145.1295
2025-06-12 01:40:00,143.697
2025-06-12 01:50:00,138.8365
2025-06-12 02:00:00,147.1335
2025-06-12 02:10:00,141.4295
2025-06-12 02:20:00,141.3225
2025-06-12 02:30:00,143.1415
2025-06-12 02:40:00,135.5445
2025-06-12 02:50:00,136.2425
2025-06-12 03:00:00,138.373
2025-06-12 03:10:00,136.60500000000002
2025-06-12 03:20:00,141.8275
2025-06-12 03:30:00,143.8575
2025-06-12 03:40:00,138.3125
2025-06-12 03:50:00,145.4445
2025-06-12 04:00:00,132.666
2025-06-12 04:10:00,120.946
2025-06-12 04:20:00,129.01749999999998
2025-06-12 04:30:00,123.97200000000001
2025-06-12 04:40:00,120.596
2025-06-12 04:50:00,121.919
2025-06-12 05:00:00,123.667
2025-06-12 05:10:00,113.6695
2025-06-12 05:20:00,101.503
2025-06-12 05:30:00,99.5035
2025-06-12 05:40:00,94.218
2025-06-12 05:50:00,88.844
2025-06-12 06:00:00,85.976
2025-06-12 06:10:00,81.68100000000001
2025-06-12 06:20:00,87.0495
2025-06-12 06:30:00,101.899
2025-06-12 06:40:00,117.6055
2025-06-12 06:50:00,125.92599999999999
2025-06-12 07:00:00,136.8135
2025-06-12 07:10:00,132.5125
2025-06-12 07:20:00,130.152
2025-06-12 07:30:00,134.3095
2025-06-12 07:40:00,133.5735
2025-06-12 07:50:00,133.4485
2025-06-12 08:00:00,137.8825
2025-06-12 08:10:00,145.7395
2025-06-12 08:20:00,138.547
2025-06-12 08:30:00,135.15800000000002
2025-06-12 08:40:00,143.8305
2025-06-12 08:50:00,145.865
2025-06-12 09:00:00,136.9625
2025-06-12 09:10:00,135.97299999999998
2025-06-12 09:20:00,113.97
2025-06-12 09:30:00,128.3995
2025-06-12 09:40:00,137.923
2025-06-12 09:50:00,140.93
2025-06-12 10:00:00,132.8685
2025-06-12 10:10:00,139.7055
2025-06-12 10:20:00,127.691
2025-06-12 10:30:00,128.733
2025-06-12 10:40:00,123.27550000000001
2025-06-12 10:50:00,115.8235
2025-06-12 11:00:00,129.15
2025-06-12 11:10:00,129.3675
2025-06-12 11:20:00,124.30799999999999
2025-06-12 11:30:00,127.84700000000001
2025-06-12 11:40:00,129.314
2025-06-12 11:50:00,124.999
2025-06-12 12:00:00,133.03900000000002
2025-06-12 12:10:00,129.2235
2025-06-12 12:20:00,115.733
2025-06-12 12:30:00,134.2855
2025-06-12 12:40:00,133.2355
2025-06-12 12:50:00,122.70750000000001
2025-06-12 13:00:00,121.86000000000001
2025-06-12 13:10:00,130.1335
2025-06-12 13:20:00,122.853
2025-06-12 13:30:00,121.223
2025-06-12 13:40:00,117.00399999999999
2025-06-12 13:50:00,101.9245
2025-06-12 14:00:00,103.606
2025-06-12 14:10:00,89.682
2025-06-12 14:20:00,101.706
2025-06-12 14:30:00,133.716
2025-06-12 14:40:00,130.7345
2025-06-12 14:50:00,146.72899999999998
2025-06-12 15:00:00,146.416
2025-06-12 15:10:00,143.13850000000002
2025-06-12 15:20:00,143.572
2025-06-12 15:30:00,146.865
2025-06-12 15:40:00,150.7605
2025-06-12 15:50:00,143.507
2025-06-12 16:00:00,145.752
2025-06-12 16:10:00,148.4795
2025-06-12 16:20:00,137.8215
2025-06-12 16:30:00,142.584
2025-06-12 16:40:00,143.039
2025-06-12 16:50:00,146.488
2025-06-12 17:00:00,140.54
2025-06-12 17:10:00,144.645
2025-06-12 17:20:00,136.207
2025-06-12 17:30:00,141.9155
2025-06-12 17:40:00,129.336
2025-06-12 17:50:00,134.8995
2025-06-12 18:00:00,137.88049999999998
2025-06-12 18:10:00,137.386
2025-06-12 18:20:00,139.51049999999998
2025-06-12 18:30:00,141.57600000000002
2025-06-12 18:40:00,143.53
2025-06-12 18:50:00,146.9565
2025-06-12 19:00:00,142.512
2025-06-12 19:10:00,147.382
2025-06-12 19:20:00,141.474
2025-06-12 19:30:00,140.731
2025-06-12 19:40:00,140.035
2025-06-12 19:50:00,142.6125
2025-06-12 20:00:00,142.8355
2025-06-12 20:10:00,139.344
2025-06-12 20:20:00,131.1505
2025-06-12 20:30:00,127.201
2025-06-12 20:40:00,129.25799999999998
2025-06-12 20:50:00,129.4625
2025-06-12 21:00:00,129.2235
2025-06-12 21:10:00,126.0175
2025-06-12 21:20:00,112.37799999999999
2025-06-12 21:30:00,117.5805
2025-06-12 21:40:00,101.03349999999999
2025-06-12 21:50:00,97.161
2025-06-12 22:00:00,93.9315
2025-06-12 22:10:00,96.3595
2025-06-12 22:20:00,98.81450000000001
2025-06-12 22:30:00,130.15800000000002
2025-06-12 22:40:00,130.318
2025-06-12 22:50:00,141.7455
2025-06-12 23:00:00,140.2045
2025-06-12 23:10:00,140.5155
2025-06-12 23:20:00,142.377
2025-06-12 23:30:00,144.26749999999998
2025-06-12 23:40:00,137.2705
2025-06-12 23:50:00,141.75
2025-06-13 00:00:00,153.3225
2025-06-13 00:10:00,145.923
2025-06-13 00:20:00,144.3655
2025-06-13 00:30:00,149.762
2025-06-13 00:40:00,147.13400000000001
2025-06-13 00:50:00,137.35250000000002
2025-06-13 01:00:00,142.19299999999998
2025-06-13 01:10:00,142.4925
2025-06-13 01:20:00,141.6735
2025-06-13 01:30:00,141.6735
2025-06-13 01:40:00,149.244
2025-06-13 01:50:00,146.636
2025-06-13 02:00:00,134.721
2025-06-13 02:10:00,139.18
2025-06-13 02:20:00,145.171
2025-06-13 02:30:00,147.3195
2025-06-13 02:40:00,150.7105
2025-06-13 02:50:00,143.602
2025-06-13 03:00:00,145.846
2025-06-13 03:10:00,139.09
2025-06-13 03:20:00,145.4275
2025-06-13 03:30:00,138.309
2025-06-13 03:40:00,148.745
2025-06-13 03:50:00,133.67849999999999
2025-06-13 04:00:00,139.636
2025-06-13 04:10:00,131.655
2025-06-13 04:20:00,131.112
2025-06-13 04:30:00,137.624
2025-06-13 04:40:00,135.1565
2025-06-13 04:50:00,133.7055
2025-06-13 05:00:00,120.116
2025-06-13 05:10:00,119.1795
2025-06-13 05:20:00,117.046
2025-06-13 05:30:00,96.2205
2025-06-13 05:40:00,97.6165
2025-06-13 05:50:00,92.326
2025-06-13 06:00:00,89.967
2025-06-13 06:10:00,87.598
2025-06-13 06:20:00,99.2595
2025-06-13 06:30:00,102.369
2025-06-13 06:40:00,125.372
2025-06-13 06:50:00,123.375
2025-06-13 07:00:00,124.9495
2025-06-13 07:10:00,142.0765
2025-06-13 07:20:00,134.896
2025-06-13 07:30:00,130.906
2025-06-13 07:40:00,127.60749999999999
2025-06-13 07:50:00,142.978
2025-06-13 08:00:00,130.947
2025-06-13 08:10:00,131.4525
2025-06-13 08:20:00,131.2745
2025-06-13 08:30:00,134.8185
2025-06-13 08:40:00,135.975
2025-06-13 08:50:00,138.9545
2025-06-13 09:00:00,135.274
2025-06-13 09:10:00,133.266
2025-06-13 09:20:00,135.7365
2025-06-13 09:30:00,135.2095
2025-06-13 09:40:00,139.664
2025-06-13 09:50:00,140.5555
2025-06-13 10:00:00,136.358
2025-06-13 10:10:00,129.8395
2025-06-13 10:20:00,132.233
2025-06-13 10:30:00,134.13
2025-06-13 10:40:00,127.8215
2025-06-13 10:50:00,123.65050000000001
2025-06-13 11:00:00,123.7995
2025-06-13 11:10:00,122.741
2025-06-13 11:20:00,133.4565
2025-06-13 11:30:00,121.272
2025-06-13 11:40:00,125.3365
2025-06-13 11:50:00,127.262
2025-06-13 12:00:00,126.337
2025-06-13 12:10:00,128.316
2025-06-13 12:20:00,133.24099999999999
2025-06-13 12:30:00,120.384
2025-06-13 12:40:00,124.661
2025-06-13 12:50:00,127.9345
2025-06-13 13:00:00,122.668
2025-06-13 13:10:00,122.43350000000001
2025-06-13 13:20:00,117.12899999999999
2025-06-13 13:30:00,123.66799999999999
2025-06-13 13:40:00,112.1855
2025-06-13 13:50:00,99.156
2025-06-13 14:00:00,91.17
2025-06-13 14:10:00,86.52300000000001
2025-06-13 14:20:00,107.21400000000001
2025-06-13 14:30:00,120.4325
2025-06-13 14:40:00,139.0175
2025-06-13 14:50:00,140.203
2025-06-13 15:00:00,147.057
2025-06-13 15:10:00,141.127
2025-06-13 15:20:00,140.96249999999998
2025-06-13 15:30:00,140.5395
2025-06-13 15:40:00,142.531
2025-06-13 15:50:00,145.589
2025-06-13 16:00:00,141.6845
2025-06-13 16:10:00,140.7555
2025-06-13 16:20:00,142.15050000000002
2025-06-13 16:30:00,143.5185
2025-06-13 16:40:00,139.5
2025-06-13 16:50:00,148.0165
2025-06-13 17:00:00,143.488
2025-06-13 17:10:00,139.125
2025-06-13 17:20:00,133.047
2025-06-13 17:30:00,140.8225
2025-06-13 17:40:00,131.1905
2025-06-13 17:50:00,135.601
2025-06-13 18:00:00,129.897
2025-06-13 18:10:00,133.7
2025-06-13 18:20:00,145.3545
2025-06-13 18:30:00,137.98499999999999
2025-06-13 18:40:00,142.382
2025-06-13 18:50:00,141.8675
2025-06-13 19:00:00,137.9595
2025-06-13 19:10:00,142.6195
2025-06-13 19:20:00,138.0965
2025-06-13 19:30:00,136.897
2025-06-13 19:40:00,137.707
2025-06-13 19:50:00,151.0475
2025-06-13 20:00:00,139.9
2025-06-13 20:10:00,137.702
2025-06-13 20:20:00,138.221
2025-06-13 20:30:00,141.123
2025-06-13 20:40:00,136.5035
2025-06-13 20:50:00,137.166
2025-06-13 21:00:00,137.2515
2025-06-13 21:10:00,128.576
2025-06-13 21:20:00,126.667
2025-06-13 21:30:00,115.508
2025-06-13 21:40:00,111.4085
2025-06-13 21:50:00,99.4875
2025-06-13 22:00:00,101.9035
2025-06-13 22:10:00,91.37400000000001
2025-06-13 22:20:00,126.455
2025-06-13 22:30:00,129.272
2025-06-13 22:40:00,139.8445
2025-06-13 22:50:00,141.32150000000001
2025-06-13 23:00:00,134.74
2025-06-13 23:10:00,142.28300000000002
2025-06-13 23:20:00,141.543
2025-06-13 23:30:00,143.1085
2025-06-13 23:40:00,139.3835
2025-06-13 23:50:00,144.0245
2025-06-14 00:00:00,138.5175
2025-06-14 00:10:00,141.3315
2025-06-14 00:20:00,146.991
2025-06-14 00:30:00,141.299
2025-06-14 00:40:00,147.7865
2025-06-14 00:50:00,144.7665
2025-06-14 01:00:00,144.757
2025-06-14 01:10:00,149.74599999999998
2025-06-14 01:20:00,144.017
2025-06-14 01:30:00,143.631
2025-06-14 01:40:00,143.737
2025-06-14 01:50:00,148.7915
2025-06-14 02:00:00,138.237
2025-06-14 02:10:00,137.7225
2025-06-14 02:20:00,141.517
2025-06-14 02:30:00,142.266
2025-06-14 02:40:00,138.2055
2025-06-14 02:50:00,140.445
2025-06-14 03:00:00,139.594
2025-06-14 03:10:00,138.14600000000002
2025-06-14 03:20:00,140.76250000000002
2025-06-14 03:30:00,148.6215
2025-06-14 03:40:00,142.227
2025-06-14 03:50:00,148.117
2025-06-14 04:00:00,136.487
2025-06-14 04:10:00,126.93350000000001
2025-06-14 04:20:00,128.0815
2025-06-14 04:30:00,119.99199999999999
2025-06-14 04:40:00,116.641
2025-06-14 04:50:00,115.065
2025-06-14 05:00:00,121.91400000000002
2025-06-14 05:10:00,111.843
2025-06-14 05:20:00,95.127
2025-06-14 05:30:00,98.4525
2025-06-14 05:40:00,87.8265
2025-06-14 05:50:00,82.195
2025-06-14 06:00:00,76.15050000000001
2025-06-14 06:10:00,76.5215
2025-06-14 06:20:00,81.62549999999999
2025-06-14 06:30:00,92.30149999999999
2025-06-14 06:40:00,97.04
2025-06-14 06:50:00,100.8195
2025-06-14 07:00:00,112.01400000000001
2025-06-14 07:10:00,108.9235
2025-06-14 07:20:00,110.2675
2025-06-14 07:30:00,117.26350000000001
2025-06-14 07:40:00,113.196
2025-06-14 07:50:00,108.50999999999999
2025-06-14 08:00:00,111.37950000000001
2025-06-14 08:10:00,119.017
2025-06-14 08:20:00,114.4945
2025-06-14 08:30:00,117.90599999999999
2025-06-14 08:40:00,114.90350000000001
2025-06-14 08:50:00,118.0825
2025-06-14 09:00:00,118.22200000000001
2025-06-14 09:10:00,117.78699999999999
2025-06-14 09:20:00,117.0245
2025-06-14 09:30:00,115.2715
2025-06-14 09:40:00,119.106
2025-06-14 09:50:00,114.9215
2025-06-14 10:00:00,118.875
2025-06-14 10:10:00,115.028
2025-06-14 10:20:00,112.6525
2025-06-14 10:30:00,111.8655
2025-06-14 10:40:00,115.66149999999999
2025-06-14 10:50:00,114.9795
2025-06-14 11:00:00,112.00300000000001
2025-06-14 11:10:00,115.1805
2025-06-14 11:20:00,114.142
2025-06-14 11:30:00,112.318
2025-06-14 11:40:00,117.9935
2025-06-14 11:50:00,118.3875
2025-06-14 12:00:00,109.527
2025-06-14 12:10:00,110.0685
2025-06-14 12:20:00,111.37
2025-06-14 12:30:00,115.0645
2025-06-14 12:40:00,123.4185
2025-06-14 12:50:00,113.2295
2025-06-14 13:00:00,113.57300000000001
2025-06-14 13:10:00,110.983
2025-06-14 13:20:00,103.5625
2025-06-14 13:30:00,94.205
2025-06-14 13:40:00,98.8005
2025-06-14 13:50:00,90.42599999999999
2025-06-14 14:00:00,83.42649999999999
2025-06-14 14:10:00,80.93
2025-06-14 14:20:00,95.4505
2025-06-14 14:30:00,108.695
2025-06-14 14:40:00,112.106
2025-06-14 14:50:00,114.18799999999999
2025-06-14 15:00:00,113.167
2025-06-14 15:10:00,118.631
2025-06-14 15:20:00,113.1745
2025-06-14 15:30:00,105.981
2025-06-14 15:40:00,106.1885
2025-06-14 15:50:00,109.58250000000001
2025-06-14 16:00:00,115.3535
2025-06-14 16:10:00,104.8755
2025-06-14 16:20:00,113.81299999999999
2025-06-14 16:30:00,117.3665
2025-06-14 16:40:00,105.1915
2025-06-14 16:50:00,125.61250000000001
2025-06-14 17:00:00,117.1695
2025-06-14 17:10:00,111.8065
2025-06-14 17:20:00,116.527
2025-06-14 17:30:00,112.428
2025-06-14 17:40:00,101.0105
2025-06-14 17:50:00,102.99950000000001
2025-06-14 18:00:00,103.294
2025-06-14 18:10:00,105.74300000000001
2025-06-14 18:20:00,111.25450000000001
2025-06-14 18:30:00,105.9075
2025-06-14 18:40:00,103.618
2025-06-14 18:50:00,106.65799999999999
2025-06-14 19:00:00,105.5085
2025-06-14 19:10:00,106.14949999999999
2025-06-14 19:20:00,110.228
2025-06-14 19:30:00,106.25450000000001
2025-06-14 19:40:00,117.3825
2025-06-14 19:50:00,105.74199999999999
2025-06-14 20:00:00,111.60900000000001
2025-06-14 20:10:00,105.6705
2025-06-14 20:20:00,106.43499999999999
2025-06-14 20:30:00,99.974
2025-06-14 20:40:00,102.1065
2025-06-14 20:50:00,103.413
2025-06-14 21:00:00,100.4965
2025-06-14 21:10:00,98.40350000000001
2025-06-14 21:20:00,95.399
2025-06-14 21:30:00,95.895
2025-06-14 21:40:00,89.4845
2025-06-14 21:50:00,83.03450000000001
2025-06-14 22:00:00,72.32650000000001
2025-06-14 22:10:00,73.9275
2025-06-14 22:20:00,90.1345
2025-06-14 22:30:00,96.8085
2025-06-14 22:40:00,109.312
2025-06-14 22:50:00,104.878
2025-06-14 23:00:00,104.363
2025-06-14 23:10:00,100.9725
2025-06-14 23:20:00,106.103
2025-06-14 23:30:00,106.022
2025-06-14 23:40:00,106.681
2025-06-14 23:50:00,108.932
2025-06-15 00:00:00,109.72099999999999
2025-06-15 00:10:00,106.41
2025-06-15 00:20:00,110.65549999999999
2025-06-15 00:30:00,111.50299999999999
2025-06-15 00:40:00,114.82
2025-06-15 00:50:00,107.484
2025-06-15 01:00:00,111.0165
2025-06-15 01:10:00,114.4855
2025-06-15 01:20:00,110.181
2025-06-15 01:30:00,112.8505
2025-06-15 01:40:00,108.1525
2025-06-15 01:50:00,103.1045
2025-06-15 02:00:00,108.295
2025-06-15 02:10:00,103.98500000000001
2025-06-15 02:20:00,108.37049999999999
2025-06-15 02:30:00,105.55850000000001
2025-06-15 02:40:00,104.33
2025-06-15 02:50:00,108.49
2025-06-15 03:00:00,100.9645
2025-06-15 03:10:00,99.00150000000001
2025-06-15 03:20:00,100.874
2025-06-15 03:30:00,108.772
2025-06-15 03:40:00,95.618
2025-06-15 03:50:00,93.8715
2025-06-15 04:00:00,95.8975
2025-06-15 04:10:00,94.5895
2025-06-15 04:20:00,87.303
2025-06-15 04:30:00,92.3195
2025-06-15 04:40:00,85.014
2025-06-15 04:50:00,79.0815
2025-06-15 05:00:00,74.67699999999999
2025-06-15 05:10:00,72.14599999999999
2025-06-15 05:20:00,68.8915
2025-06-15 05:30:00,55.646
2025-06-15 05:40:00,49.557500000000005
2025-06-15 05:50:00,44.302499999999995
2025-06-15 06:00:00,38.155
2025-06-15 06:10:00,35.818000000000005
2025-06-15 06:20:00,32.0585
2025-06-15 06:30:00,30.9675
2025-06-15 06:40:00,29.229499999999998
2025-06-15 06:50:00,30.138
2025-06-15 07:00:00,28.7475
2025-06-15 07:10:00,27.8535
2025-06-15 07:20:00,28.392
2025-06-15 07:30:00,28.1905
2025-06-15 07:40:00,28.5095
2025-06-15 07:50:00,26.124
2025-06-15 08:00:00,27.061
2025-06-15 08:10:00,27.5715
2025-06-15 08:20:00,31.337
2025-06-15 08:30:00,32.0225
2025-06-15 08:40:00,30.825499999999998
2025-06-15 08:50:00,30.5535
2025-06-15 09:00:00,38.4995
2025-06-15 09:10:00,23.874499999999998
2025-06-15 09:20:00,37.041
2025-06-15 09:30:00,34.480999999999995
2025-06-15 09:40:00,29.729
2025-06-15 09:50:00,29.438000000000002
2025-06-15 10:00:00,33.6295
2025-06-15 10:10:00,42.766999999999996
2025-06-15 10:20:00,33.019999999999996
2025-06-15 10:30:00,32.6935
2025-06-15 10:40:00,20.022499999999997
2025-06-15 10:50:00,21.502499999999998
2025-06-15 11:00:00,27.1535
2025-06-15 11:10:00,24.897
2025-06-15 11:20:00,32.652499999999996
2025-06-15 11:30:00,24.369999999999997
2025-06-15 11:40:00,27.15
2025-06-15 11:50:00,29.348999999999997
2025-06-15 12:00:00,27.755499999999998
2025-06-15 12:10:00,28.392
2025-06-15 12:20:00,27.5805
2025-06-15 12:30:00,27.386499999999998
2025-06-15 12:40:00,25.25
2025-06-15 12:50:00,28.6455
2025-06-15 13:00:00,24.3485
2025-06-15 13:10:00,21.902
2025-06-15 13:20:00,22.8915
2025-06-15 13:30:00,22.6925
2025-06-15 13:40:00,23.5715
2025-06-15 13:50:00,21.709
2025-06-15 14:00:00,20.8365
2025-06-15 14:10:00,19.072499999999998
2025-06-15 14:20:00,19.7515
2025-06-15 14:30:00,19.874
2025-06-15 14:40:00,23.898000000000003
2025-06-15 14:50:00,20.768
2025-06-15 15:00:00,20.389499999999998
2025-06-15 15:10:00,21.653
2025-06-15 15:20:00,29.528
2025-06-15 15:30:00,22.3715
2025-06-15 15:40:00,22.544999999999998
2025-06-15 15:50:00,20.794
2025-06-15 16:00:00,23.1175
2025-06-15 16:10:00,20.585
2025-06-15 16:20:00,21.142
2025-06-15 16:30:00,21.2945
2025-06-15 16:40:00,20.949
2025-06-15 16:50:00,21.673000000000002
2025-06-15 17:00:00,21.502
2025-06-15 17:10:00,22.407500000000002
2025-06-15 17:20:00,21.7925
2025-06-15 17:30:00,18.8465
2025-06-15 17:40:00,19.8855
2025-06-15 17:50:00,19.2955
2025-06-15 18:00:00,22.618
2025-06-15 18:10:00,18.334999999999997
2025-06-15 18:20:00,20.605999999999998
2025-06-15 18:30:00,28.151500000000002
2025-06-15 18:40:00,23.694499999999998
2025-06-15 18:50:00,19.7625
2025-06-15 19:00:00,20.276
2025-06-15 19:10:00,22.739
2025-06-15 19:20:00,23.243
2025-06-15 19:30:00,19.451
2025-06-15 19:40:00,21.4655
2025-06-15 19:50:00,21.42
2025-06-15 20:00:00,18.0625
2025-06-15 20:10:00,18.087
2025-06-15 20:20:00,19.728
2025-06-15 20:30:00,19.639
2025-06-15 20:40:00,22.8915
2025-06-15 20:50:00,18.55
2025-06-15 21:00:00,18.3115
2025-06-15 21:10:00,20.3655
2025-06-15 21:20:00,23.487000000000002
2025-06-15 21:30:00,23.421
2025-06-15 21:40:00,20.6225
2025-06-15 21:50:00,19.680500000000002
2025-06-15 22:00:00,20.479
2025-06-15 22:10:00,20.6095
2025-06-15 22:20:00,22.009999999999998
2025-06-15 22:30:00,23.566499999999998
2025-06-15 22:40:00,18.9815
2025-06-15 22:50:00,18.68
2025-06-15 23:00:00,17.6285
2025-06-15 23:10:00,20.426
2025-06-15 23:20:00,21.65
2025-06-15 23:30:00,20.741
2025-06-15 23:40:00,23.39
2025-06-15 23:50:00,23.35
2025-06-16 00:00:00,18.082
2025-06-16 00:10:00,19.8595
2025-06-16 00:20:00,20.540499999999998
2025-06-16 00:30:00,21.3435
2025-06-16 00:40:00,18.107
2025-06-16 00:50:00,20.202
2025-06-16 01:00:00,19.799500000000002
2025-06-16 01:10:00,19.6675
2025-06-16 01:20:00,23.421999999999997
2025-06-16 01:30:00,18.64
2025-06-16 01:40:00,18.705000000000002
2025-06-16 01:50:00,18.057000000000002
2025-06-16 02:00:00,18.0035
2025-06-16 02:10:00,17.679
2025-06-16 02:20:00,18.855
2025-06-16 02:30:00,20.700000000000003
2025-06-16 02:40:00,22.093
2025-06-16 02:50:00,22.554000000000002
2025-06-16 03:00:00,23.189999999999998
2025-06-16 03:10:00,22.1615
2025-06-16 03:20:00,18.471999999999998
2025-06-16 03:30:00,18.708000000000002
2025-06-16 03:40:00,19.602
2025-06-16 03:50:00,18.8385
2025-06-16 04:00:00,19.7515
2025-06-16 04:10:00,17.6315
2025-06-16 04:20:00,17.115000000000002
2025-06-16 04:30:00,18.607
2025-06-16 04:40:00,18.1055
2025-06-16 04:50:00,19.996000000000002
2025-06-16 05:00:00,23.2085
2025-06-16 05:10:00,20.958000000000002
2025-06-16 05:20:00,22.0815
2025-06-16 05:30:00,17.132
2025-06-16 05:40:00,17.326
2025-06-16 05:50:00,18.879
2025-06-16 06:00:00,16.145
2025-06-16 06:10:00,13.689499999999999
2025-06-16 06:20:00,27.954
2025-06-16 06:30:00,25.9285
2025-06-16 06:40:00,40.072
2025-06-16 06:50:00,36.8495
2025-06-16 07:00:00,49.0425
2025-06-16 07:10:00,56.06999999999999
2025-06-16 07:20:00,58.933499999999995
2025-06-16 07:30:00,60.803
2025-06-16 07:40:00,62.141000000000005
2025-06-16 07:50:00,60.432500000000005
2025-06-16 08:00:00,64.71
2025-06-16 08:10:00,61.102
2025-06-16 08:20:00,47.9055
2025-06-16 08:30:00,66.0005
2025-06-16 08:40:00,64.226
2025-06-16 08:50:00,64.43
2025-06-16 09:00:00,64.101
2025-06-16 09:10:00,68.875
2025-06-16 09:20:00,61.116
2025-06-16 09:30:00,68.142
2025-06-16 09:40:00,65.8335
2025-06-16 09:50:00,66.9435
2025-06-16 10:00:00,68.0475
2025-06-16 10:10:00,64.94300000000001
2025-06-16 10:20:00,66.138
2025-06-16 10:30:00,64.649
2025-06-16 10:40:00,62.400999999999996
2025-06-16 10:50:00,67.57849999999999
2025-06-16 11:00:00,68.4115
2025-06-16 11:10:00,57.894499999999994
2025-06-16 11:20:00,41.4975
2025-06-16 11:30:00,63.6335
2025-06-16 11:40:00,55.9875
2025-06-16 11:50:00,62.6155
2025-06-16 12:00:00,63.771
2025-06-16 12:10:00,66.8985
2025-06-16 12:20:00,65.1095
2025-06-16 12:30:00,66.166
2025-06-16 12:40:00,67.992
2025-06-16 12:50:00,65.556
2025-06-16 13:00:00,65.9325
2025-06-16 13:10:00,61.84100000000001
2025-06-16 13:20:00,55.9135
2025-06-16 13:30:00,55.6635
2025-06-16 13:40:00,58.7055
2025-06-16 13:50:00,47.942499999999995
2025-06-16 14:00:00,57.3895
2025-06-16 14:10:00,48.836
2025-06-16 14:20:00,39.217
2025-06-16 14:30:00,56.5775
2025-06-16 14:40:00,54.3545
2025-06-16 14:50:00,52.693
2025-06-16 15:00:00,54.86
2025-06-16 15:10:00,56.1405
2025-06-16 15:20:00,55.548
2025-06-16 15:30:00,54.1425
2025-06-16 15:40:00,54.508
2025-06-16 15:50:00,56.4575
2025-06-16 16:00:00,53.8155
2025-06-16 16:10:00,51.013000000000005
2025-06-16 16:20:00,52.170500000000004
2025-06-16 16:30:00,47.233000000000004
2025-06-16 16:40:00,53.961
2025-06-16 16:50:00,56.263
2025-06-16 17:00:00,36.445
2025-06-16 17:10:00,50.355500000000006
2025-06-16 17:20:00,47.053
2025-06-16 17:30:00,48.68
2025-06-16 17:40:00,49.0045
2025-06-16 17:50:00,47.8955
2025-06-16 18:00:00,48.042500000000004
2025-06-16 18:10:00,45.6495
2025-06-16 18:20:00,37.7935
2025-06-16 18:30:00,39.5595
2025-06-16 18:40:00,48.4805
2025-06-16 18:50:00,49.810500000000005
2025-06-16 19:00:00,56.717
2025-06-16 19:10:00,35.879999999999995
2025-06-16 19:20:00,53.165
2025-06-16 19:30:00,39.7705
2025-06-16 19:40:00,53.762
2025-06-16 19:50:00,48.339
2025-06-16 20:00:00,47.943
2025-06-16 20:10:00,52.8675
2025-06-16 20:20:00,48.301500000000004
2025-06-16 20:30:00,62.1815
2025-06-16 20:40:00,45.9965
2025-06-16 20:50:00,46.173
2025-06-16 21:00:00,44.045
2025-06-16 21:10:00,45.090500000000006
2025-06-16 21:20:00,37.2385
2025-06-16 21:30:00,42.0075
2025-06-16 21:40:00,48.3485
2025-06-16 21:50:00,35.3745
2025-06-16 22:00:00,35.194
2025-06-16 22:10:00,35.9985
2025-06-16 22:20:00,41.15
2025-06-16 22:30:00,45.409000000000006
2025-06-16 22:40:00,59.180499999999995
2025-06-16 22:50:00,58.601
2025-06-16 23:00:00,54.492000000000004
2025-06-16 23:10:00,57.9645
2025-06-16 23:20:00,56.202
2025-06-16 23:30:00,60.915499999999994
2025-06-16 23:40:00,57.339
2025-06-16 23:50:00,55.376000000000005
2025-06-17 00:00:00,54.709
2025-06-17 00:10:00,63.4225
2025-06-17 00:20:00,41.6215
2025-06-17 00:30:00,58.3465
2025-06-17 00:40:00,57.7615
2025-06-17 00:50:00,53.641000000000005
2025-06-17 01:00:00,61.462500000000006
2025-06-17 01:10:00,56.6345
2025-06-17 01:20:00,57.525
2025-06-17 01:30:00,56.573499999999996
2025-06-17 01:40:00,60.1105
2025-06-17 01:50:00,39.2115
2025-06-17 02:00:00,56.147499999999994
2025-06-17 02:10:00,58.95100000000001
2025-06-17 02:20:00,55.342
2025-06-17 02:30:00,62.6755
2025-06-17 02:40:00,58.0675
2025-06-17 02:50:00,55.9725
2025-06-17 03:00:00,55.6215
2025-06-17 03:10:00,59.56100000000001
2025-06-17 03:20:00,45.568
2025-06-17 03:30:00,63.6375
2025-06-17 03:40:00,57.683499999999995
2025-06-17 03:50:00,41.7665
2025-06-17 04:00:00,59.426
2025-06-17 04:10:00,55.958
2025-06-17 04:20:00,54.75
2025-06-17 04:30:00,56.444
2025-06-17 04:40:00,56.953500000000005
2025-06-17 04:50:00,44.797
2025-06-17 05:00:00,51.0745
2025-06-17 05:10:00,51.528000000000006
2025-06-17 05:20:00,49.7005
2025-06-17 05:30:00,49.1045
2025-06-17 05:40:00,48.587500000000006
2025-06-17 05:50:00,47.1765
2025-06-17 06:00:00,43.8535
2025-06-17 06:10:00,37.226
2025-06-17 06:20:00,33.9885
2025-06-17 06:30:00,58.8855
2025-06-17 06:40:00,51.5145
2025-06-17 06:50:00,74.374
2025-06-17 07:00:00,79.2425
2025-06-17 07:10:00,76.00649999999999
2025-06-17 07:20:00,75.14099999999999
2025-06-17 07:30:00,75.237
2025-06-17 07:40:00,76.667
2025-06-17 07:50:00,76.79849999999999
2025-06-17 08:00:00,80.84450000000001
2025-06-17 08:10:00,76.0085
2025-06-17 08:20:00,62.935
2025-06-17 08:30:00,88.86500000000001
2025-06-17 08:40:00,85.6545
2025-06-17 08:50:00,90.941
2025-06-17 09:00:00,85.969
2025-06-17 09:10:00,89.771
2025-06-17 09:20:00,90.9605
2025-06-17 09:30:00,87.4365
2025-06-17 09:40:00,87.878
2025-06-17 09:50:00,81.16499999999999
2025-06-17 10:00:00,90.788
2025-06-17 10:10:00,81.236
2025-06-17 10:20:00,81.4585
2025-06-17 10:30:00,84.32650000000001
2025-06-17 10:40:00,82.22649999999999
2025-06-17 10:50:00,76.443
2025-06-17 11:00:00,73.574
2025-06-17 11:10:00,77.169
2025-06-17 11:20:00,81.0935
2025-06-17 11:30:00,80.081
2025-06-17 11:40:00,64.5065
2025-06-17 11:50:00,62.035
2025-06-17 12:00:00,70.13300000000001
2025-06-17 12:10:00,79.473
2025-06-17 12:20:00,60.6755
2025-06-17 12:30:00,61.327
2025-06-17 12:40:00,67.6845
2025-06-17 12:50:00,62.944
2025-06-17 13:00:00,60.244
2025-06-17 13:10:00,62.092
2025-06-17 13:20:00,61.965500000000006
2025-06-17 13:30:00,63.777499999999996
2025-06-17 13:40:00,63.696
2025-06-17 13:50:00,63.181999999999995
2025-06-17 14:00:00,55.834999999999994
2025-06-17 14:10:00,51.111
2025-06-17 14:20:00,62.2885
2025-06-17 14:30:00,61.9775
2025-06-17 14:40:00,63.567
2025-06-17 14:50:00,63.4395
2025-06-17 15:00:00,59.493
2025-06-17 15:10:00,68.90899999999999
2025-06-17 15:20:00,60.0275
2025-06-17 15:30:00,53.554500000000004
2025-06-17 15:40:00,60.9215
2025-06-17 15:50:00,59.483000000000004
2025-06-17 16:00:00,53.198
2025-06-17 16:10:00,53.027499999999996
2025-06-17 16:20:00,55.709500000000006
2025-06-17 16:30:00,52.275999999999996
2025-06-17 16:40:00,52.377
2025-06-17 16:50:00,49.024
2025-06-17 17:00:00,50.764
2025-06-17 17:10:00,50.964
2025-06-17 17:20:00,53.769999999999996
2025-06-17 17:30:00,49.354
2025-06-17 17:40:00,48.7385
2025-06-17 17:50:00,49.899
2025-06-17 18:00:00,54.516000000000005
2025-06-17 18:10:00,48.8765
2025-06-17 18:20:00,46.5115
2025-06-17 18:30:00,59.48949999999999
2025-06-17 18:40:00,58.2415
2025-06-17 18:50:00,50.841
2025-06-17 19:00:00,48.977
2025-06-17 19:10:00,50.611
2025-06-17 19:20:00,50.3805
2025-06-17 19:30:00,48.1435
2025-06-17 19:40:00,58.77
2025-06-17 19:50:00,47.5695
2025-06-17 20:00:00,50.191500000000005
2025-06-17 20:10:00,48.5245
2025-06-17 20:20:00,51.827
2025-06-17 20:30:00,51.319500000000005
2025-06-17 20:40:00,48.430499999999995
2025-06-17 20:50:00,46.431
2025-06-17 21:00:00,48.0385
2025-06-17 21:10:00,47.427
2025-06-17 21:20:00,46.994
2025-06-17 21:30:00,48.9155
2025-06-17 21:40:00,33.9845
2025-06-17 21:50:00,62.313
2025-06-17 22:00:00,63.491
2025-06-17 22:10:00,53.721999999999994
2025-06-17 22:20:00,53.900999999999996
2025-06-17 22:30:00,62.275999999999996
2025-06-17 22:40:00,70.544
2025-06-17 22:50:00,66.219
2025-06-17 23:00:00,65.519
2025-06-17 23:10:00,70.78800000000001
2025-06-17 23:20:00,68.795
2025-06-17 23:30:00,67.5155
2025-06-17 23:40:00,69.3155
2025-06-17 23:50:00,69.8605
2025-06-18 00:00:00,68.0735
2025-06-18 00:10:00,66.99000000000001
2025-06-18 00:20:00,69.09299999999999
2025-06-18 00:30:00,69.6455
2025-06-18 00:40:00,67.4015
2025-06-18 00:50:00,63.6235
2025-06-18 01:00:00,65.6265
2025-06-18 01:10:00,64.002
2025-06-18 01:20:00,63.1505
2025-06-18 01:30:00,65.2915
2025-06-18 01:40:00,66.645
2025-06-18 01:50:00,63.8935
2025-06-18 02:00:00,67.35849999999999
2025-06-18 02:10:00,66.2355
2025-06-18 02:20:00,67.68599999999999
2025-06-18 02:30:00,67.107
2025-06-18 02:40:00,64.62349999999999
2025-06-18 02:50:00,73.222
2025-06-18 03:00:00,68.3055
2025-06-18 03:10:00,68.24199999999999
2025-06-18 03:20:00,70.1095
2025-06-18 03:30:00,67.401
2025-06-18 03:40:00,70.7655
2025-06-18 03:50:00,72.505
2025-06-18 04:00:00,69.195
2025-06-18 04:10:00,65.4795
2025-06-18 04:20:00,67.0925
2025-06-18 04:30:00,56.532
2025-06-18 04:40:00,64.3075
2025-06-18 04:50:00,63.045
2025-06-18 05:00:00,59.6155
2025-06-18 05:10:00,61.7875
2025-06-18 05:20:00,62.387
2025-06-18 05:30:00,57.516000000000005
2025-06-18 05:40:00,57.647
2025-06-18 05:50:00,58.722
2025-06-18 06:00:00,57.307
2025-06-18 06:10:00,58.989
2025-06-18 06:20:00,77.3245
2025-06-18 06:30:00,84.423
2025-06-18 06:40:00,112.111
2025-06-18 06:50:00,131.097
2025-06-18 07:00:00,129.089
2025-06-18 07:10:00,140.042
2025-06-18 07:20:00,137.8345
2025-06-18 07:30:00,139.2835
2025-06-18 07:40:00,140.8855
2025-06-18 07:50:00,138.14
2025-06-18 08:00:00,139.548
2025-06-18 08:10:00,143.8975
2025-06-18 08:20:00,142.603
2025-06-18 08:30:00,135.7885
2025-06-18 08:40:00,136.3185
2025-06-18 08:50:00,133.4405
2025-06-18 09:00:00,139.8185
2025-06-18 09:10:00,140.041
2025-06-18 09:20:00,142.4145
2025-06-18 09:30:00,137.817
2025-06-18 09:40:00,133.586
2025-06-18 09:50:00,143.05349999999999
2025-06-18 10:00:00,141.808
2025-06-18 10:10:00,137.531
2025-06-18 10:20:00,130.9775
2025-06-18 10:30:00,139.578
2025-06-18 10:40:00,142.7115
2025-06-18 10:50:00,133.562
2025-06-18 11:00:00,132.8895
2025-06-18 11:10:00,136.3965
2025-06-18 11:20:00,140.56799999999998
2025-06-18 11:30:00,133.3845
2025-06-18 11:40:00,134.852
2025-06-18 11:50:00,135.966
2025-06-18 12:00:00,134.022
2025-06-18 12:10:00,136.7135
2025-06-18 12:20:00,135.363
2025-06-18 12:30:00,137.3945
2025-06-18 12:40:00,135.92149999999998
2025-06-18 12:50:00,134.9625
2025-06-18 13:00:00,135.772
2025-06-18 13:10:00,128.60500000000002
2025-06-18 13:20:00,140.5735
2025-06-18 13:30:00,125.2875
2025-06-18 13:40:00,113.67599999999999
2025-06-18 13:50:00,115.12700000000001
2025-06-18 14:00:00,104.6825
2025-06-18 14:10:00,97.41449999999999
2025-06-18 14:20:00,100.83149999999999
2025-06-18 14:30:00,117.0755
2025-06-18 14:40:00,123.905
2025-06-18 14:50:00,129.184
2025-06-18 15:00:00,134.346
2025-06-18 15:10:00,130.1455
2025-06-18 15:20:00,136.8555
2025-06-18 15:30:00,134.378
2025-06-18 15:40:00,132.0455
2025-06-18 15:50:00,133.03300000000002
2025-06-18 16:00:00,132.0985
2025-06-18 16:10:00,134.738
2025-06-18 16:20:00,129.323
2025-06-18 16:30:00,137.325
2025-06-18 16:40:00,137.0375
2025-06-18 16:50:00,133.473
2025-06-18 17:00:00,128.5755
2025-06-18 17:10:00,132.234
2025-06-18 17:20:00,130.4035
2025-06-18 17:30:00,118.63550000000001
2025-06-18 17:40:00,127.93350000000001
2025-06-18 17:50:00,131.66899999999998
2025-06-18 18:00:00,137.499
2025-06-18 18:10:00,133.29500000000002
2025-06-18 18:20:00,131.637
2025-06-18 18:30:00,134.915
2025-06-18 18:40:00,127.0725
2025-06-18 18:50:00,123.411
2025-06-18 19:00:00,129.4495
2025-06-18 19:10:00,134.1025
2025-06-18 19:20:00,135.20749999999998
2025-06-18 19:30:00,132.01600000000002
2025-06-18 19:40:00,131.556
2025-06-18 19:50:00,132.547
2025-06-18 20:00:00,126.1075
2025-06-18 20:10:00,128.1595
2025-06-18 20:20:00,132.36599999999999
2025-06-18 20:30:00,123.3415
2025-06-18 20:40:00,123.94550000000001
2025-06-18 20:50:00,129.06550000000001
2025-06-18 21:00:00,123.428
2025-06-18 21:10:00,122.345
2025-06-18 21:20:00,118.723
2025-06-18 21:30:00,114.0775
2025-06-18 21:40:00,108.8675
2025-06-18 21:50:00,91.603
2025-06-18 22:00:00,86.3365
2025-06-18 22:10:00,91.46849999999999
2025-06-18 22:20:00,112.5995
2025-06-18 22:30:00,133.2975
2025-06-18 22:40:00,146.32
2025-06-18 22:50:00,142.987
2025-06-18 23:00:00,136.612
2025-06-18 23:10:00,136.545
2025-06-18 23:20:00,136.262
2025-06-18 23:30:00,137.16
2025-06-18 23:40:00,141.707
2025-06-18 23:50:00,139.632
2025-06-19 00:00:00,136.7165
2025-06-19 00:10:00,140.51600000000002
2025-06-19 00:20:00,145.981
2025-06-19 00:30:00,144.937
2025-06-19 00:40:00,143.8955
2025-06-19 00:50:00,150.94799999999998
2025-06-19 01:00:00,142.2775
2025-06-19 01:10:00,144.03
2025-06-19 01:20:00,146.59449999999998
2025-06-19 01:30:00,149.48149999999998
2025-06-19 01:40:00,143.8965
2025-06-19 01:50:00,147.151
2025-06-19 02:00:00,144.827
2025-06-19 02:10:00,135.394
2025-06-19 02:20:00,145.898
2025-06-19 02:30:00,145.40699999999998
2025-06-19 02:40:00,147.287
2025-06-19 02:50:00,144.585
2025-06-19 03:00:00,137.127
2025-06-19 03:10:00,145.5605
2025-06-19 03:20:00,141.3655
2025-06-19 03:30:00,142.09550000000002
2025-06-19 03:40:00,140.65200000000002
2025-06-19 03:50:00,130.8305
2025-06-19 04:00:00,132.6275
2025-06-19 04:10:00,134.513
2025-06-19 04:20:00,136.0905
2025-06-19 04:30:00,130.072
2025-06-19 04:40:00,130.798
2025-06-19 04:50:00,136.568
2025-06-19 05:00:00,127.2065
2025-06-19 05:10:00,130.0835
2025-06-19 05:20:00,118.22650000000002
2025-06-19 05:30:00,107.8435
2025-06-19 05:40:00,103.446
2025-06-19 05:50:00,89.608
2025-06-19 06:00:00,90.763
2025-06-19 06:10:00,93.57549999999999
2025-06-19 06:20:00,87.2435
2025-06-19 06:30:00,108.38499999999999
2025-06-19 06:40:00,126.424
2025-06-19 06:50:00,138.751
2025-06-19 07:00:00,145.291
2025-06-19 07:10:00,148.171
2025-06-19 07:20:00,145.9265
2025-06-19 07:30:00,148.987
2025-06-19 07:40:00,141.6805
2025-06-19 07:50:00,148.132
2025-06-19 08:00:00,140.928
2025-06-19 08:10:00,144.4345
2025-06-19 08:20:00,143.3785
2025-06-19 08:30:00,142.92849999999999
2025-06-19 08:40:00,142.463
2025-06-19 08:50:00,147.469
2025-06-19 09:00:00,139.119
2025-06-19 09:10:00,141.7865
2025-06-19 09:20:00,147.9395
2025-06-19 09:30:00,151.586
2025-06-19 09:40:00,145.315
2025-06-19 09:50:00,152.1095
2025-06-19 10:00:00,153.763
2025-06-19 10:10:00,137.9945
2025-06-19 10:20:00,133.236
2025-06-19 10:30:00,134.4965
2025-06-19 10:40:00,130.521
2025-06-19 10:50:00,131.7265
2025-06-19 11:00:00,138.2495
2025-06-19 11:10:00,136.129
2025-06-19 11:20:00,140.5715
2025-06-19 11:30:00,146.4055
2025-06-19 11:40:00,135.8265
2025-06-19 11:50:00,141.63049999999998
2025-06-19 12:00:00,140.05100000000002
2025-06-19 12:10:00,142.8145
2025-06-19 12:20:00,142.7905
2025-06-19 12:30:00,139.4835
2025-06-19 12:40:00,140.58100000000002
2025-06-19 12:50:00,141.6155
2025-06-19 13:00:00,139.702
2025-06-19 13:10:00,136.495
2025-06-19 13:20:00,133.1005
2025-06-19 13:30:00,131.709
2025-06-19 13:40:00,126.154
2025-06-19 13:50:00,121.533
2025-06-19 14:00:00,117.6165
2025-06-19 14:10:00,103.00200000000001
2025-06-19 14:20:00,109.32650000000001
2025-06-19 14:30:00,133.187
2025-06-19 14:40:00,133.861
2025-06-19 14:50:00,131.6815
2025-06-19 15:00:00,133.823
2025-06-19 15:10:00,145.004
2025-06-19 15:20:00,134.709
2025-06-19 15:30:00,136.8605
2025-06-19 15:40:00,136.1585
2025-06-19 15:50:00,136.558
2025-06-19 16:00:00,131.376
2025-06-19 16:10:00,135.599
2025-06-19 16:20:00,130.913
2025-06-19 16:30:00,126.636
2025-06-19 16:40:00,130.791
